X,Y,1th,day,FFMC,DMC,DC,ISI,temp,RH,wind,rain,area
0.75,0.42857142857142855,0.2,0.6666666666666666,0.8709677419354839,0.0864920744314266,0.10132520229858097,0.0909090909090909,0.19292604501607716,0.4235294117647059,0.7,0.0,0.0
0.75,0.2857142857142857,0.9,0.16666666666666666,0.9277419354838708,0.11819434872501722,0.7754192564794183,0.11942959001782531,0.5080385852090032,0.21176470588235294,0.05555555555555555,0.0,0.0
0.75,0.2857142857142857,0.9,0.8333333333333334,0.9277419354838708,0.14679531357684356,0.7962941245455611,0.11942959001782531,0.39871382636655944,0.21176470588235294,0.1,0.0,0.0
0.875,0.5714285714285714,0.2,0.6666666666666666,0.9419354838709677,0.11095796002756718,0.08162307962941244,0.16042780748663102,0.1961414790996785,0.9647058823529412,0.4,0.03125,0.0
0.875,0.5714285714285714,0.2,1.0,0.9109677419354838,0.1729841488628532,0.11058989093467807,0.1711229946524064,0.2958199356913183,0.9882352941176471,0.15555555555555556,0.0,0.0
0.875,0.5714285714285714,0.7,1.0,0.9496774193548386,0.290144727773949,0.5630350650873696,0.2620320855614973,0.6430868167202572,0.16470588235294117,0.5555555555555556,0.0,0.0
0.875,0.5714285714285714,0.7,0.0,0.9496774193548386,0.30254996554100627,0.5719479301043744,0.15151515151515152,0.7041800643086817,0.1411764705882353,0.30000000000000004,0.0,0.0
0.875,0.5714285714285714,0.7,0.0,0.9393548387096774,0.4972432804962096,0.7039990618036824,0.1907308377896613,0.1864951768488746,0.8352941176470589,0.20000000000000004,0.0,0.0
0.875,0.5714285714285714,0.8,0.16666666666666666,0.9329032258064516,0.44245348035837356,0.8029787733083148,0.12477718360071301,0.3504823151125402,0.5647058823529412,0.5555555555555556,0.0,0.0
0.75,0.42857142857142855,0.8,0.8333333333333334,0.952258064516129,0.2994486560992419,0.8100152456901607,0.1265597147950089,0.662379421221865,0.29411764705882354,0.4,0.0,0.0
0.75,0.42857142857142855,0.8,0.8333333333333334,0.952258064516129,0.2994486560992419,0.8100152456901607,0.1265597147950089,0.5016077170418007,0.4235294117647059,0.7555555555555555,0.0,0.0
0.75,0.42857142857142855,0.8,0.8333333333333334,0.9561290322580644,0.24844934527911788,0.8269027794065908,0.4028520499108735,0.54983922829582,0.27058823529411763,0.4,0.0,0.0
0.625,0.42857142857142855,0.7,0.6666666666666666,0.5780645161290322,0.2401791867677464,0.7709628239709159,0.014260249554367202,0.47588424437299043,0.6705882352941176,0.7,0.0,0.0
0.625,0.42857142857142855,0.8,0.0,0.9316129032258065,0.43211578221915925,0.7958250263867714,0.12477718360071301,0.6141479099678457,0.3176470588235294,0.20000000000000004,0.0,0.0
0.625,0.42857142857142855,0.8,0.3333333333333333,0.9574193548387098,0.45554789800137846,0.811187991087135,0.1639928698752228,0.7781350482315113,0.07058823529411765,0.4555555555555555,0.0,0.0
0.625,0.42857142857142855,0.8,0.6666666666666666,0.9625806451612903,0.4827705031013094,0.8279582502638677,0.24777183600713013,0.6655948553054662,0.3411764705882353,0.5555555555555556,0.0,0.0
0.5,0.42857142857142855,0.2,0.8333333333333334,0.9419354838709677,0.11957270847691247,0.08549313943942768,0.13903743315508021,0.4147909967845659,0.1411764705882353,0.5555555555555556,0.0,0.0
0.875,0.42857142857142855,0.9,0.0,0.8541935483870968,0.10923501033769813,0.7696728040342442,0.053475935828877004,0.4662379421221865,0.3764705882352941,0.5,0.0,0.0
0.625,0.2857142857142857,0.2,0.3333333333333333,0.9096774193548387,0.09235010337698138,0.07376568546968452,0.1122994652406417,0.4405144694533762,0.23529411764705882,0.4,0.0,0.0
0.625,0.2857142857142857,0.3,0.8333333333333334,0.872258064516129,0.09062715368711233,0.10460888941010904,0.0909090909090909,0.22829581993569134,0.3411764705882353,0.4555555555555555,0.0,0.0
0.625,0.2857142857142857,0.8,0.16666666666666666,0.9329032258064516,0.44245348035837356,0.8029787733083148,0.12477718360071301,0.5176848874598071,0.29411764705882354,0.2555555555555556,0.0,0.0
0.5,0.2857142857142857,0.8,0.0,0.9432258064516128,0.26671261199172985,0.8401548023924006,0.1639928698752228,0.5434083601286175,0.27058823529411763,0.2555555555555556,0.0,0.0
0.75,0.2857142857142857,0.5,1.0,0.9754838709677419,0.32804962095106827,0.22528439075876625,1.0,0.6045016077170419,0.3411764705882353,0.4555555555555555,0.0,0.0
0.75,0.2857142857142857,0.7,0.8333333333333334,0.9225806451612903,0.37835975189524473,0.6209686876979007,0.11051693404634581,0.5562700964630226,0.32941176470588235,0.6,0.0,0.0
0.75,0.2857142857142857,0.7,0.8333333333333334,0.9651612903225806,0.4765678842177809,0.687580626246042,0.36185383244206776,0.6913183279742766,0.2,0.6,0.0,0.0
0.75,0.2857142857142857,0.7,1.0,0.9380645161290323,0.4869055823569952,0.696024393104257,0.1889483065953654,0.45337620578778143,0.5294117647058824,0.5555555555555556,0.0,0.0
0.75,0.2857142857142857,0.8,0.6666666666666666,0.950967741935484,0.4024810475534115,0.7741292365427466,0.2174688057040998,0.5401929260450161,0.2235294117647059,0.6,0.0,0.0
0.75,0.2857142857142857,0.8,0.0,0.9316129032258065,0.43211578221915925,0.7958250263867714,0.12477718360071301,0.5530546623794212,0.38823529411764707,0.1,0.0,0.0
0.625,0.14285714285714285,0.8,0.8333333333333334,0.9638709677419355,0.4972432804962096,0.8367538407411751,0.1443850267379679,0.9003215434083602,0.10588235294117647,0.2555555555555556,0.0,0.0
0.625,0.14285714285714285,0.8,1.0,0.9651612903225806,0.5106822880771882,0.8451976075993902,0.1443850267379679,0.662379421221865,0.2823529411764706,0.35555555555555557,0.0,0.0
0.625,0.14285714285714285,0.8,0.6666666666666666,0.9754838709677419,0.2894555478980014,0.8026269496892224,0.28342245989304815,0.7459807073954984,0.10588235294117647,0.35555555555555557,0.0,0.0
0.625,0.14285714285714285,0.8,0.0,0.9019354838709677,0.31254307374224677,0.8232672686759704,0.1265597147950089,0.28938906752411575,0.7411764705882353,0.7999999999999999,0.0,0.0
0.625,0.14285714285714285,0.8,0.6666666666666666,0.9019354838709677,0.2363886974500345,0.81963175794535,0.1033868092691622,0.5916398713826367,0.25882352941176473,0.15555555555555556,0.0,0.0
0.625,0.14285714285714285,0.8,1.0,0.9419354838709677,0.2567195037904893,0.8331183300105547,0.13903743315508021,0.4983922829581994,0.2823529411764706,0.35555555555555557,0.0,0.0
0.625,0.14285714285714285,0.8,0.0,0.9432258064516128,0.26671261199172985,0.8401548023924006,0.1639928698752228,0.6109324758842444,0.2,0.2555555555555556,0.0,0.0
0.625,0.14285714285714285,0.8,0.16666666666666666,0.9238709677419354,0.27429359062715375,0.8470740002345492,0.1122994652406417,0.5144694533762059,0.5529411764705883,0.4555555555555555,0.0,0.0
0.625,0.14285714285714285,0.9,0.16666666666666666,0.9277419354838708,0.11819434872501722,0.7754192564794183,0.11942959001782531,0.6270096463022509,0.10588235294117647,0.4555555555555555,0.0,0.0
0.75,0.2857142857142857,0.9,0.6666666666666666,0.9199999999999999,0.13921433494141972,0.7912513193385716,0.1550802139037433,0.2926045016077171,0.5294117647058824,0.5555555555555556,0.0,0.0
0.75,0.14285714285714285,0.9,0.8333333333333334,0.9277419354838708,0.14679531357684356,0.7962941245455611,0.11942959001782531,0.5016077170418007,0.1411764705882353,0.4,0.0,0.0
0.375,0.2857142857142857,0.2,0.16666666666666666,0.8954838709677418,0.08476912474155754,0.0700129001993667,0.0677361853832442,0.38263665594855306,0.32941176470588235,0.2555555555555556,0.0,0.0
0.375,0.2857142857142857,0.6,0.16666666666666666,0.784516129032258,0.20503101309441765,0.4207810484343849,0.026737967914438502,0.6784565916398715,0.25882352941176473,0.30000000000000004,0.0,0.0
0.375,0.2857142857142857,0.7,0.8333333333333334,0.9225806451612903,0.33011716057891116,0.7227629881552715,0.15864527629233513,0.5209003215434084,0.3176470588235294,0.7,0.0,0.0
0.375,0.2857142857142857,0.7,0.16666666666666666,0.9819354838709676,0.3694004135079256,0.7496188577459834,0.30303030303030304,0.4630225080385853,0.4588235294117647,0.5555555555555556,0.0,0.0
0.375,0.2857142857142857,0.8,0.8333333333333334,0.952258064516129,0.2994486560992419,0.8100152456901607,0.1265597147950089,0.5594855305466239,0.38823529411764707,0.2555555555555556,0.0,0.0
0.375,0.2857142857142857,0.8,0.3333333333333333,0.921290322580645,0.2818745692625776,0.8535240999179079,0.11051693404634581,0.3440514469453376,0.6941176470588235,0.5,0.0,0.0
0.5,0.5714285714285714,0.8,0.3333333333333333,0.9754838709677419,0.2894555478980014,0.8026269496892224,0.28342245989304815,0.7620578778135049,0.10588235294117647,0.4,0.0,0.0
0.5,0.5714285714285714,0.8,0.0,0.9316129032258065,0.43211578221915925,0.7958250263867714,0.12477718360071301,0.4019292604501608,0.6470588235294118,0.35555555555555557,0.0,0.0
0.625,0.5714285714285714,0.6,0.0,0.9741935483870968,0.2108890420399724,0.5101442476838278,0.19607843137254902,0.6688102893890676,0.24705882352941178,0.30000000000000004,0.0,0.0
0.375,0.2857142857142857,0.2,0.0,0.8838709677419355,0.07856650585802893,0.0666119385481412,0.0730837789661319,0.30868167202572355,0.23529411764705882,0.15555555555555556,0.0,0.0
0.375,0.2857142857142857,0.2,0.0,0.889032258064516,0.17608545830461753,0.11246628356983697,0.08912655971479501,0.28295819935691324,0.36470588235294116,0.6,0.0,0.0
0.375,0.2857142857142857,0.8,0.5,0.9574193548387098,0.46829772570640943,0.8191626597865603,0.1639928698752228,0.5980707395498394,0.023529411764705882,0.1,0.0,0.0
0.375,0.14285714285714285,0.7,1.0,0.9225806451612903,0.339421088904204,0.7309722059340917,0.1122994652406417,0.6205787781350482,0.2235294117647059,0.20000000000000004,0.0,0.0
0.375,0.14285714285714285,0.7,0.3333333333333333,0.9470967741935483,0.3793935217091661,0.7578280755248036,0.1711229946524064,0.5852090032154341,0.3176470588235294,0.5,0.0,0.0
0.375,0.14285714285714285,0.7,0.3333333333333333,0.9470967741935483,0.3793935217091661,0.7578280755248036,0.1711229946524064,0.5852090032154341,0.3176470588235294,0.5,0.0,0.0
0.375,0.14285714285714285,0.7,0.5,0.9419354838709677,0.39007580978635426,0.7662718423830186,0.1122994652406417,0.4951768488745982,0.35294117647058826,0.35555555555555557,0.0,0.0
0.375,0.14285714285714285,0.8,0.5,0.9574193548387098,0.46829772570640943,0.8191626597865603,0.1639928698752228,0.819935691318328,0.10588235294117647,0.20000000000000004,0.0,0.0
0.375,0.14285714285714285,0.8,0.16666666666666666,0.9238709677419354,0.27429359062715375,0.8470740002345492,0.1122994652406417,0.5016077170418007,0.5647058823529412,0.5,0.0,0.0
0.375,0.14285714285714285,0.9,1.0,0.953548387096774,0.15644383184011026,0.8020405769907353,0.1568627450980392,0.37299035369774924,0.4117647058823529,0.2555555555555556,0.0,0.0
0.125,0.0,0.1,0.0,0.8425806451612903,0.02825637491385252,0.03060865486102967,0.03743315508021391,0.3762057877813505,0.29411764705882354,0.5555555555555556,0.0,0.0
0.125,0.0,0.1,0.6666666666666666,0.8761290322580644,0.04169538249483115,0.04116336343379852,0.0944741532976827,0.32475884244373,0.4235294117647059,0.05555555555555555,0.0,0.0
0.125,0.0,0.2,1.0,0.9109677419354838,0.1729841488628532,0.11058989093467807,0.1711229946524064,0.2990353697749197,0.2823529411764706,0.6,0.0,0.0
0.125,0.0,0.2,1.0,0.9109677419354838,0.1729841488628532,0.11058989093467807,0.1711229946524064,0.10610932475884245,0.5176470588235295,0.6555555555555554,0.0,0.0
0.125,0.0,0.7,0.5,0.9587096774193548,0.2556857339765679,0.5379383135921192,0.13725490196078433,0.5337620578778136,0.23529411764705882,0.5,0.0,0.0
0.125,0.0,0.7,1.0,0.9225806451612903,0.339421088904204,0.7309722059340917,0.1122994652406417,0.5980707395498394,0.21176470588235294,0.2555555555555556,0.0,0.0
0.125,0.0,0.7,0.0,0.9341935483870967,0.35182632667126124,0.7398850709510965,0.1033868092691622,0.672025723472669,0.18823529411764706,0.30000000000000004,0.0,0.0
0.125,0.0,0.7,0.5,0.9419354838709677,0.39007580978635426,0.7662718423830186,0.1122994652406417,0.527331189710611,0.3411764705882353,0.4555555555555555,0.0,0.0
0.125,0.0,0.8,0.6666666666666666,0.950967741935484,0.4024810475534115,0.7741292365427466,0.2174688057040998,0.6688102893890676,0.25882352941176473,0.4555555555555555,0.0,0.0
0.125,0.0,0.8,0.6666666666666666,0.950967741935484,0.4024810475534115,0.7741292365427466,0.2174688057040998,0.5594855305466239,0.21176470588235294,0.5555555555555556,0.0,0.0
0.125,0.0,0.8,0.6666666666666666,0.950967741935484,0.4024810475534115,0.7741292365427466,0.2174688057040998,0.5594855305466239,0.21176470588235294,0.6555555555555554,0.0,0.0
0.375,0.42857142857142855,0.2,0.6666666666666666,0.9419354838709677,0.11095796002756718,0.08162307962941244,0.16042780748663102,0.48231511254019294,0.12941176470588237,0.4555555555555555,0.0,0.0
0.375,0.42857142857142855,0.2,0.6666666666666666,0.9354838709677419,0.16264645072363887,0.10542981118799107,0.22281639928698752,0.437299035369775,0.1411764705882353,0.7999999999999999,0.0,0.0
0.375,0.42857142857142855,0.8,0.6666666666666666,0.9754838709677419,0.2894555478980014,0.8026269496892224,0.28342245989304815,0.4983922829581994,0.25882352941176473,0.35555555555555557,0.0,0.0
0.5,0.2857142857142857,0.2,0.6666666666666666,0.9419354838709677,0.11095796002756718,0.08162307962941244,0.16042780748663102,0.4308681672025723,0.11764705882352941,0.6555555555555554,0.0,0.0
0.5,0.2857142857142857,0.7,0.16666666666666666,0.904516129032258,0.503790489317712,0.7113873578046206,0.16042780748663102,0.4855305466237943,0.32941176470588235,0.4555555555555555,0.0,0.0
0.5,0.2857142857142857,0.8,0.6666666666666666,0.9625806451612903,0.4827705031013094,0.8279582502638677,0.24777183600713013,0.8167202572347269,0.17647058823529413,0.1,0.0,0.0
1.0,1.0,0.1,0.5,0.8451612903225807,0.019641626464507234,0.021930338923419727,0.13725490196078433,0.14469453376205788,0.7529411764705882,0.30000000000000004,0.0,0.0
1.0,1.0,0.1,0.6666666666666666,0.8761290322580644,0.04169538249483115,0.04116336343379852,0.0944741532976827,0.4340836012861737,0.32941176470588235,0.30000000000000004,0.0,0.0
0.0,0.14285714285714285,0.2,0.0,0.889032258064516,0.17608545830461753,0.11246628356983697,0.08912655971479501,0.1961414790996785,0.6705882352941176,0.30000000000000004,0.0,0.0
0.0,0.0,0.7,0.6666666666666666,0.921290322580645,0.3683666436940042,0.6120558226808959,0.22281639928698752,0.4019292604501608,0.6,0.2555555555555556,0.0,0.0
0.0,0.0,0.7,0.16666666666666666,0.9329032258064516,0.4138525155065473,0.6493491263046792,0.12477718360071301,0.6237942122186496,0.047058823529411764,0.7,0.0,0.0
0.0,0.0,0.7,1.0,0.9380645161290323,0.4869055823569952,0.696024393104257,0.1889483065953654,0.5562700964630226,0.2823529411764706,0.6555555555555554,0.0,0.0
0.0,0.0,0.7,1.0,0.9225806451612903,0.339421088904204,0.7309722059340917,0.1122994652406417,0.504823151125402,0.3411764705882353,0.20000000000000004,0.0,0.0
0.0,0.0,0.7,0.16666666666666666,0.9819354838709676,0.3694004135079256,0.7496188577459834,0.30303030303030304,0.527331189710611,0.4235294117647059,0.4555555555555555,0.0,0.0
0.0,0.0,0.7,0.3333333333333333,0.9470967741935483,0.3793935217091661,0.7578280755248036,0.1711229946524064,0.4630225080385853,0.3764705882352941,0.05555555555555555,0.0,0.0
0.0,0.0,0.7,0.5,0.9419354838709677,0.39007580978635426,0.7662718423830186,0.1122994652406417,0.5787781350482315,0.35294117647058826,0.35555555555555557,0.0,0.0
0.0,0.0,0.8,0.5,0.9574193548387098,0.46829772570640943,0.8191626597865603,0.1639928698752228,0.6205787781350482,0.0,0.05555555555555555,0.0,0.0
0.0,0.0,0.8,0.5,0.9574193548387098,0.46829772570640943,0.8191626597865603,0.1639928698752228,0.7459807073954984,0.1411764705882353,0.20000000000000004,0.0,0.0
0.0,0.0,0.8,0.5,0.9574193548387098,0.46829772570640943,0.8191626597865603,0.1639928698752228,0.6495176848874599,0.2235294117647059,0.20000000000000004,0.0,0.0
0.0,0.0,0.8,1.0,0.9651612903225806,0.5106822880771882,0.8451976075993902,0.1443850267379679,0.7427652733118972,0.24705882352941178,0.35555555555555557,0.0,0.0
0.625,0.42857142857142855,0.2,0.8333333333333334,0.9419354838709677,0.11957270847691247,0.08549313943942768,0.13903743315508021,0.4887459807073955,0.11764705882352941,0.5,0.0,0.0
0.625,0.42857142857142855,0.7,0.8333333333333334,0.9225806451612903,0.33011716057891116,0.7227629881552715,0.15864527629233513,0.4019292604501608,0.5176470588235295,0.6,0.0,0.0
0.875,0.5714285714285714,0.2,0.6666666666666666,0.9419354838709677,0.11957270847691247,0.08549313943942768,0.13903743315508021,0.4887459807073955,0.10588235294117647,0.5555555555555556,0.0,0.0
0.875,0.5714285714285714,0.7,1.0,0.9496774193548386,0.290144727773949,0.5630350650873696,0.2620320855614973,0.5980707395498394,0.2,0.6555555555555554,0.0,0.0
0.875,0.5714285714285714,0.7,1.0,0.9380645161290323,0.4869055823569952,0.696024393104257,0.1889483065953654,0.5144694533762059,0.32941176470588235,0.5,0.0,0.0
0.875,0.5714285714285714,0.7,0.0,0.9341935483870967,0.35182632667126124,0.7398850709510965,0.1033868092691622,0.6816720257234727,0.08235294117647059,0.2555555555555556,0.0,0.0
0.375,0.2857142857142857,0.8,1.0,0.9161290322580645,0.30634045485871814,0.8168171689926117,0.0855614973262032,0.5016077170418007,0.5764705882352941,0.1,0.0,0.0
0.25,0.2857142857142857,0.1,0.8333333333333334,0.8412903225806452,0.023776705720192973,0.02615222235252726,0.04634581105169341,0.33762057877813506,0.38823529411764707,0.15555555555555556,0.0,0.0
0.25,0.2857142857142857,0.2,0.8333333333333334,0.6490322580645161,0.0044796691936595445,0.008912865017004808,0.0124777183600713,0.4887459807073955,0.10588235294117647,0.5555555555555556,0.0,0.0
0.25,0.2857142857142857,0.7,1.0,0.9380645161290323,0.4869055823569952,0.696024393104257,0.1889483065953654,0.3022508038585209,0.8470588235294118,0.4555555555555555,0.0,0.0
0.25,0.2857142857142857,0.7,1.0,0.9380645161290323,0.4869055823569952,0.696024393104257,0.1889483065953654,0.5659163987138265,0.2823529411764706,0.5555555555555556,0.0,0.0
0.25,0.2857142857142857,0.7,1.0,0.9380645161290323,0.4869055823569952,0.696024393104257,0.1889483065953654,0.5659163987138265,0.2823529411764706,0.5555555555555556,0.0,0.0
0.25,0.2857142857142857,0.7,0.16666666666666666,0.904516129032258,0.503790489317712,0.7113873578046206,0.16042780748663102,0.39228295819935693,0.6,0.5555555555555556,0.0,0.0
0.125,0.2857142857142857,0.7,0.16666666666666666,0.9819354838709676,0.3694004135079256,0.7496188577459834,0.30303030303030304,0.5755627009646304,0.29411764705882354,0.4,0.0,0.0
0.125,0.2857142857142857,0.8,0.8333333333333334,0.952258064516129,0.4135079255685734,0.7816348070833822,0.1532976827094474,0.7041800643086817,0.16470588235294117,0.4555555555555555,0.0,0.0
0.125,0.2857142857142857,0.0,0.8333333333333334,0.8180645161290322,0.00895933838731909,0.001641843555764044,0.0516934046345811,0.09967845659163986,0.7411764705882353,0.30000000000000004,0.0,0.0
0.375,0.42857142857142855,0.2,0.6666666666666666,0.8670967741935485,0.06340454858718125,0.05793362261053125,0.0499108734402852,0.33762057877813506,0.43529411764705883,0.6555555555555554,0.0,0.0
0.375,0.42857142857142855,0.2,0.5,0.9380645161290323,0.1019986216402481,0.07787029435909462,0.13368983957219252,0.5144694533762059,0.16470588235294117,0.30000000000000004,0.0,0.0
0.375,0.42857142857142855,0.7,1.0,0.9225806451612903,0.339421088904204,0.7309722059340917,0.1122994652406417,0.617363344051447,0.21176470588235294,0.30000000000000004,0.0,0.0
0.375,0.42857142857142855,0.8,0.8333333333333334,0.952258064516129,0.2994486560992419,0.8100152456901607,0.1265597147950089,0.5819935691318329,0.35294117647058826,0.30000000000000004,0.0,0.0
0.375,0.42857142857142855,0.8,0.0,0.9019354838709677,0.31254307374224677,0.8232672686759704,0.1265597147950089,0.4887459807073955,0.4823529411764706,0.5555555555555556,0.0,0.0
0.375,0.2857142857142857,0.2,0.6666666666666666,0.8670967741935485,0.06340454858718125,0.05793362261053125,0.0499108734402852,0.36977491961414793,0.32941176470588235,0.6,0.0,0.0
0.25,0.2857142857142857,0.2,0.6666666666666666,0.9419354838709677,0.11095796002756718,0.08162307962941244,0.16042780748663102,0.5337620578778136,0.03529411764705882,0.4555555555555555,0.0,0.0
0.25,0.2857142857142857,0.8,1.0,0.9161290322580645,0.30634045485871814,0.8168171689926117,0.0855614973262032,0.662379421221865,0.2823529411764706,0.35555555555555557,0.0,0.0
0.25,0.2857142857142857,0.8,0.0,0.9432258064516128,0.26671261199172985,0.8401548023924006,0.1639928698752228,0.5369774919614148,0.23529411764705882,0.2555555555555556,0.0,0.0
0.25,0.2857142857142857,0.2,0.16666666666666666,0.8954838709677418,0.08476912474155754,0.0700129001993667,0.0677361853832442,0.437299035369775,0.1411764705882353,0.7999999999999999,0.0,0.0
0.25,0.42857142857142855,0.2,0.16666666666666666,0.8954838709677418,0.08476912474155754,0.0700129001993667,0.0677361853832442,0.4276527331189711,0.1411764705882353,0.6555555555555554,0.0,0.0
0.25,0.2857142857142857,0.2,0.8333333333333334,0.9419354838709677,0.11957270847691247,0.08549313943942768,0.13903743315508021,0.3022508038585209,0.17647058823529413,0.6555555555555554,0.0,0.0
0.25,0.2857142857142857,0.2,0.8333333333333334,0.9419354838709677,0.11957270847691247,0.08549313943942768,0.13903743315508021,0.41800643086816724,0.1411764705882353,0.5,0.0,0.0
0.25,0.2857142857142857,0.2,0.0,0.921290322580645,0.1330117160578911,0.09229506274187872,0.11051693404634581,0.270096463022508,0.17647058823529413,0.4,0.0,0.0
0.25,0.2857142857142857,0.7,0.5,0.9587096774193548,0.2556857339765679,0.5379383135921192,0.13725490196078433,0.5594855305466239,0.24705882352941178,0.30000000000000004,0.0,0.0
0.25,0.2857142857142857,0.7,0.0,0.9393548387096774,0.4972432804962096,0.7039990618036824,0.1907308377896613,0.26045016077170424,0.6941176470588235,0.20000000000000004,0.0,0.0
0.25,0.2857142857142857,0.7,0.0,0.9393548387096774,0.4972432804962096,0.7039990618036824,0.1907308377896613,0.47909967845659174,0.32941176470588235,0.5555555555555556,0.0,0.0
0.25,0.2857142857142857,0.8,1.0,0.950967741935484,0.4238456237077877,0.7890231030843204,0.15151515151515152,0.6527331189710611,0.3176470588235294,0.5555555555555556,0.0,0.0
0.25,0.2857142857142857,0.8,0.16666666666666666,0.847741935483871,0.24913852515506552,0.7787029435909464,0.05704099821746881,0.504823151125402,0.35294117647058826,0.30000000000000004,0.0,0.0
0.25,0.2857142857142857,0.8,0.6666666666666666,0.9754838709677419,0.2894555478980014,0.8026269496892224,0.28342245989304815,0.5659163987138265,0.4117647058823529,0.5555555555555556,0.0,0.0
0.25,0.2857142857142857,0.9,1.0,0.953548387096774,0.15644383184011026,0.8020405769907353,0.1568627450980392,0.5916398713826367,0.10588235294117647,0.5555555555555556,0.0,0.0
0.25,0.42857142857142855,0.2,0.0,0.889032258064516,0.17608545830461753,0.11246628356983697,0.08912655971479501,0.21864951768488747,0.4,0.20000000000000004,0.0,0.0
0.25,0.42857142857142855,0.8,0.6666666666666666,0.9651612903225806,0.5106822880771882,0.8451976075993902,0.1443850267379679,0.48231511254019294,0.32941176470588235,0.30000000000000004,0.0,0.0
0.25,0.42857142857142855,0.9,0.3333333333333333,0.9380645161290323,0.1268090971743625,0.7809311598451976,0.09269162210338681,0.4405144694533762,0.36470588235294116,0.35555555555555557,0.0,0.0
0.125,0.42857142857142855,0.9,1.0,0.953548387096774,0.15644383184011026,0.8020405769907353,0.1568627450980392,0.4244372990353698,0.23529411764705882,0.05555555555555555,0.0,0.0
0.375,0.5714285714285714,0.1,0.8333333333333334,0.6387096774193548,0.07029634734665748,0.09299870998006332,0.014260249554367202,0.4244372990353698,0.29411764705882354,0.2555555555555556,0.0,0.0
0.375,0.5714285714285714,0.2,0.0,0.8838709677419355,0.07856650585802893,0.0666119385481412,0.0730837789661319,0.3794212218649518,0.2823529411764706,0.30000000000000004,0.0,0.0
0.375,0.5714285714285714,0.2,1.0,0.9109677419354838,0.1729841488628532,0.11058989093467807,0.1711229946524064,0.270096463022508,0.36470588235294116,0.5,0.0,0.0
0.375,0.5714285714285714,0.8,0.5,0.967741935483871,0.2749827705031014,0.7943004573707049,0.3190730837789661,0.4951768488745982,0.3176470588235294,0.30000000000000004,0.0,0.0
0.25,0.42857142857142855,0.2,0.16666666666666666,0.8954838709677418,0.08476912474155754,0.0700129001993667,0.0677361853832442,0.40836012861736337,0.27058823529411763,0.2555555555555556,0.0,0.0
0.25,0.42857142857142855,0.7,0.8333333333333334,0.9651612903225806,0.4765678842177809,0.687580626246042,0.36185383244206776,0.4951768488745982,0.43529411764705883,0.6,0.0,0.0
0.25,0.5714285714285714,0.8,1.0,0.950967741935484,0.4238456237077877,0.7890231030843204,0.15151515151515152,0.48231511254019294,0.5058823529411764,0.1,0.0,0.0
0.25,0.5714285714285714,0.8,0.0,0.9316129032258065,0.43211578221915925,0.7958250263867714,0.12477718360071301,0.4308681672025723,0.6,0.30000000000000004,0.0,0.0
1.0,1.0,0.6,0.16666666666666666,0.8658064516129031,0.16264645072363887,0.3582737187756538,0.06951871657754011,0.5080385852090032,0.3176470588235294,0.2555555555555556,0.0,0.00033002090132375054
0.0,0.2857142857142857,0.8,0.16666666666666666,0.9329032258064516,0.44245348035837356,0.8029787733083148,0.12477718360071301,0.6270096463022509,0.27058823529411763,0.20000000000000004,0.0,0.00039419163213670204
0.125,0.42857142857142855,0.8,0.0,0.9316129032258065,0.43211578221915925,0.7958250263867714,0.12477718360071301,0.6334405144694534,0.2823529411764706,0.15555555555555556,0.0,0.00043086062117267426
0.0,0.0,0.7,0.3333333333333333,0.9909677419354839,0.3404548587181255,0.5927055236308197,0.2352941176470588,0.6784565916398715,0.18823529411764706,0.4555555555555555,0.0,0.0005041985992446189
0.875,0.5714285714285714,0.7,0.6666666666666666,0.921290322580645,0.3683666436940042,0.6120558226808959,0.22281639928698752,0.6109324758842444,0.4235294117647059,0.9444444444444444,0.0,0.0005592020827985773
0.0,0.0,0.6,0.8333333333333334,0.9199999999999999,0.1729841488628532,0.338219772487393,0.1550802139037433,0.4630225080385853,0.4470588235294118,0.5555555555555556,0.0,0.0006508745553885079
0.125,0.42857142857142855,0.7,0.3333333333333333,0.9909677419354839,0.3404548587181255,0.5927055236308197,0.2352941176470588,0.6945337620578779,0.2,0.5555555555555556,0.0,0.0007058780389424664
0.625,0.42857142857142855,0.7,0.5,0.9870967741935484,0.4500344589937974,0.6695203471326374,0.18538324420677363,0.8102893890675241,0.08235294117647059,0.4,0.0,0.0008250522533093764
0.5,0.2857142857142857,0.2,0.0,0.921290322580645,0.1330117160578911,0.09229506274187872,0.11051693404634581,0.3536977491961415,0.29411764705882354,0.5555555555555556,0.0,0.0008708884896043417
0.875,0.14285714285714285,0.8,0.16666666666666666,0.847741935483871,0.24913852515506552,0.7787029435909464,0.05704099821746881,0.707395498392283,0.15294117647058825,0.35555555555555557,0.0,0.0008800557368633347
0.125,0.0,0.7,0.16666666666666666,0.9819354838709676,0.3694004135079256,0.7496188577459834,0.30303030303030304,0.4887459807073955,0.32941176470588235,0.7,0.0,0.0009808954567122586
0.875,0.5714285714285714,0.8,0.5,0.967741935483871,0.2749827705031014,0.7943004573707049,0.3190730837789661,0.6913183279742766,0.11764705882352941,0.4555555555555555,0.0,0.001026731693007224
0.625,0.42857142857142855,0.5,0.6666666666666666,0.952258064516129,0.19055823569951758,0.4988858918728744,0.1265597147950089,0.6752411575562701,0.2823529411764706,0.5555555555555556,0.0,0.0010909024238201753
1.0,1.0,0.6,1.0,0.921290322580645,0.23259820813232254,0.40729447636918026,0.12834224598930483,0.7266881028938907,0.16470588235294117,0.20000000000000004,0.0,0.0012467456272230576
0.25,0.2857142857142857,0.6,0.8333333333333334,0.921290322580645,0.1726395589248794,0.4880966342207107,0.11051693404634581,0.7202572347266882,0.32941176470588235,0.15555555555555556,0.0,0.001310916358036009
0.5,0.2857142857142857,0.8,0.6666666666666666,0.9754838709677419,0.2894555478980014,0.8026269496892224,0.28342245989304815,0.5755627009646304,0.3764705882352941,0.5,0.0,0.0013384180998129882
0.0,0.42857142857142855,0.8,0.8333333333333334,0.9638709677419355,0.4972432804962096,0.8367538407411751,0.1443850267379679,0.8810289389067525,0.1411764705882353,0.2555555555555556,0.0,0.0013384180998129882
0.75,0.2857142857142857,0.7,1.0,0.9819354838709676,0.3694004135079256,0.7496188577459834,0.30303030303030304,0.4565916398713826,0.3764705882352941,0.1,0.0,0.001430090572402919
0.125,0.2857142857142857,0.8,0.8333333333333334,0.9638709677419355,0.4972432804962096,0.8367538407411751,0.1443850267379679,0.8488745980707397,0.1411764705882353,0.20000000000000004,0.0,0.0014759268086978845
0.125,0.0,0.7,0.3333333333333333,0.9470967741935483,0.3793935217091661,0.7578280755248036,0.1711229946524064,0.5209003215434084,0.35294117647058826,0.35555555555555557,0.0,0.0014942613032158704
0.125,0.2857142857142857,0.7,0.3333333333333333,0.9470967741935483,0.3793935217091661,0.7578280755248036,0.1711229946524064,0.5884244372990355,0.23529411764705882,0.4,0.0,0.0015034285504748634
0.75,0.2857142857142857,0.8,0.6666666666666666,0.950967741935484,0.4024810475534115,0.7741292365427466,0.2174688057040998,0.5401929260450161,0.2235294117647059,0.6,0.0,0.0015492647867698288
0.75,0.2857142857142857,0.2,0.0,0.921290322580645,0.1330117160578911,0.09229506274187872,0.11051693404634581,0.44694533762057886,0.16470588235294117,0.30000000000000004,0.0,0.0016042682703237873
0.625,0.2857142857142857,0.7,0.5,0.9870967741935484,0.4500344589937974,0.6695203471326374,0.18538324420677363,0.5819935691318329,0.3058823529411765,0.4,0.0,0.0017417769792086833
0.625,0.14285714285714285,0.2,0.8333333333333334,0.9277419354838708,0.16884906960716747,0.1084789492201243,0.13903743315508021,0.41800643086816724,0.18823529411764706,0.8999999999999999,0.0,0.0017784459682446555
0.875,0.5714285714285714,0.8,0.8333333333333334,0.952258064516129,0.4135079255685734,0.7816348070833822,0.1532976827094474,0.5016077170418007,0.4823529411764706,0.15555555555555556,0.0,0.0017876132155036487
0.875,0.42857142857142855,0.8,1.0,0.9161290322580645,0.30634045485871814,0.8168171689926117,0.0855614973262032,0.5016077170418007,0.611764705882353,0.20000000000000004,0.0,0.001842616699057607
0.625,0.42857142857142855,0.2,0.5,0.8541935483870968,0.0589248793935217,0.05523630819749032,0.053475935828877004,0.09967845659163986,0.6470588235294118,0.4555555555555555,0.0,0.001961790913424517
0.625,0.42857142857142855,0.7,0.3333333333333333,0.9470967741935483,0.3793935217091661,0.7578280755248036,0.1711229946524064,0.4630225080385853,0.3764705882352941,0.05555555555555555,0.0,0.002099299622309413
0.625,0.42857142857142855,0.7,0.3333333333333333,0.9974193548387097,0.4341833218470021,0.6597865603377506,0.29411764705882354,0.6816720257234727,0.21176470588235294,0.4555555555555555,0.0,0.0023009790620072603
0.625,0.42857142857142855,0.2,0.6666666666666666,0.9354838709677419,0.16264645072363887,0.10542981118799107,0.22281639928698752,0.39871382636655944,0.12941176470588237,1.0,0.0,0.0023193135565252464
0.875,0.5714285714285714,0.7,0.5,0.9870967741935484,0.4500344589937974,0.6695203471326374,0.18538324420677363,0.594855305466238,0.35294117647058826,0.20000000000000004,0.0,0.002337648051043233
0.5,0.2857142857142857,0.8,0.3333333333333333,0.9574193548387098,0.45554789800137846,0.811187991087135,0.1639928698752228,0.6334405144694534,0.23529411764705882,0.15555555555555556,0.0,0.002355982545561219
0.875,0.5714285714285714,0.7,0.3333333333333333,0.8632258064516128,0.3077188146106134,0.7056409053594465,0.1176470588235294,0.4887459807073955,0.4117647058823529,0.4,0.0,0.002465989512669136
0.75,0.2857142857142857,0.7,1.0,0.9380645161290323,0.4869055823569952,0.696024393104257,0.1889483065953654,0.5755627009646304,0.2823529411764706,0.5555555555555556,0.0,0.0025118257489641013
0.375,0.2857142857142857,0.8,0.0,0.9316129032258065,0.43211578221915925,0.7958250263867714,0.12477718360071301,0.4983922829581994,0.2823529411764706,0.20000000000000004,0.0,0.0028143449085108723
0.0,0.2857142857142857,0.7,0.8333333333333334,0.9225806451612903,0.33011716057891116,0.7227629881552715,0.15864527629233513,0.38585209003215437,0.4470588235294118,0.15555555555555556,0.0,0.0032085365406475746
0.0,0.2857142857142857,0.7,0.8333333333333334,0.9225806451612903,0.33011716057891116,0.7227629881552715,0.15864527629233513,0.5819935691318329,0.2823529411764706,0.5,0.0,0.004152763008323861
0.625,0.42857142857142855,0.3,0.5,0.8103225806451613,0.027567195037904894,0.05547085727688519,0.04812834224598931,0.1157556270096463,0.4588235294117647,0.6,0.0,0.004226100986395805
0.125,0.42857142857142855,0.7,1.0,0.9225806451612903,0.339421088904204,0.7309722059340917,0.1122994652406417,0.5466237942122187,0.3411764705882353,0.2555555555555556,0.0,0.0042994389644677505
0.125,0.42857142857142855,0.8,0.3333333333333333,0.921290322580645,0.2818745692625776,0.8535240999179079,0.11051693404634581,0.5176848874598071,0.35294117647058826,0.20000000000000004,0.0,0.0044736166623886185
0.875,0.5714285714285714,0.7,0.16666666666666666,0.904516129032258,0.503790489317712,0.7113873578046206,0.16042780748663102,0.39228295819935693,0.6,0.5555555555555556,0.0,0.004794470316453376
0.0,0.14285714285714285,0.8,1.0,0.950967741935484,0.4238456237077877,0.7890231030843204,0.15151515151515152,0.6977491961414791,0.2,0.7,0.0,0.004886142789043307
0.875,0.5714285714285714,0.9,0.0,0.8541935483870968,0.10923501033769813,0.7696728040342442,0.053475935828877004,0.5434083601286175,0.2,0.4,0.0,0.0049869825088922305
0.5,0.2857142857142857,0.1,1.0,0.8787096774193548,0.049965541006202624,0.0473789140377624,0.06951871657754011,0.3279742765273312,0.4470588235294118,0.20000000000000004,0.0,0.0058487037512375785
0.75,0.2857142857142857,0.9,0.0,0.9419354838709677,0.1633356305995865,0.8070833821977249,0.1978609625668449,0.46945337620578786,0.35294117647058826,0.4555555555555555,0.0,0.006261229877892267
0.875,0.5714285714285714,0.7,0.6666666666666666,0.9703225806451613,0.4638180565127498,0.6787850357687346,0.26916221033868093,0.5980707395498394,0.2235294117647059,0.5,0.0,0.006380404092259177
0.125,0.42857142857142855,0.8,0.16666666666666666,0.9329032258064516,0.44245348035837356,0.8029787733083148,0.12477718360071301,0.4951768488745982,0.36470588235294116,0.30000000000000004,0.0,0.006453742070331121
0.875,0.5714285714285714,0.2,1.0,0.9109677419354838,0.1729841488628532,0.11058989093467807,0.1711229946524064,0.2990353697749197,0.2823529411764706,0.6,0.0,0.006591250779216018
0.0,0.42857142857142855,0.8,0.0,0.9316129032258065,0.43211578221915925,0.7958250263867714,0.12477718360071301,0.6045016077170419,0.3176470588235294,0.20000000000000004,0.0,0.006692090499064941
0.625,0.2857142857142857,0.2,0.8333333333333334,0.9303225806451613,0.14059269469331495,0.09557874985340682,0.1408199643493761,0.35691318327974286,0.3176470588235294,0.05555555555555555,0.0,0.0067837629716548725
0.75,0.2857142857142857,0.2,1.0,0.9290322580645162,0.147829083390765,0.09909698604432977,0.09803921568627451,0.2990353697749197,0.5294117647058824,0.4,0.0,0.0075538117414102905
0.625,0.42857142857142855,0.2,0.6666666666666666,0.9354838709677419,0.16264645072363887,0.10542981118799107,0.22281639928698752,0.3054662379421222,0.21176470588235294,0.4,0.0,0.007617982472223242
0.125,0.42857142857142855,0.7,0.5,0.9870967741935484,0.4500344589937974,0.6695203471326374,0.18538324420677363,0.707395498392283,0.15294117647058825,0.2555555555555556,0.0,0.007957170620805984
0.125,0.0,0.7,0.16666666666666666,0.9819354838709676,0.3694004135079256,0.7496188577459834,0.30303030303030304,0.7202572347266882,0.08235294117647059,0.4555555555555555,0.0,0.007984672362582965
0.375,0.42857142857142855,0.8,0.3333333333333333,0.9574193548387098,0.45554789800137846,0.811187991087135,0.1639928698752228,0.7106109324758844,0.11764705882352941,0.4,0.0,0.008626379670712479
0.125,0.0,0.7,0.16666666666666666,0.9819354838709676,0.3694004135079256,0.7496188577459834,0.30303030303030304,0.7202572347266882,0.08235294117647059,0.4555555555555555,0.0,0.009176414506252064
0.125,0.42857142857142855,0.7,0.6666666666666666,0.9703225806451613,0.4638180565127498,0.6787850357687346,0.26916221033868093,0.684887459807074,0.24705882352941178,0.5555555555555556,0.0,0.009185581753511056
0.625,0.42857142857142855,0.3,0.5,0.8103225806451613,0.027567195037904894,0.05547085727688519,0.04812834224598931,0.1157556270096463,0.4588235294117647,0.6,0.0,0.010019801254079426
0.375,0.42857142857142855,0.8,0.5,0.9574193548387098,0.46829772570640943,0.8191626597865603,0.1639928698752228,0.6205787781350482,0.0,0.05555555555555555,0.0,0.010138975468446337
0.25,0.2857142857142857,0.8,0.16666666666666666,0.9329032258064516,0.44245348035837356,0.8029787733083148,0.12477718360071301,0.3762057877813505,0.5176470588235295,0.6555555555555554,0.0,0.010303985919108211
0.125,0.2857142857142857,0.8,0.0,0.5780645161290322,0.2401791867677464,0.7709628239709159,0.014260249554367202,0.6559485530546625,0.27058823529411763,0.35555555555555557,0.0,0.010377323897180156
0.0,0.42857142857142855,0.8,0.16666666666666666,0.9329032258064516,0.44245348035837356,0.8029787733083148,0.12477718360071301,0.6237942122186496,0.21176470588235294,0.20000000000000004,0.0,0.01056983608961901
0.625,0.42857142857142855,0.2,1.0,0.921290322580645,0.12577532736044109,0.08889410109065321,0.12834224598930483,0.3279742765273312,0.4588235294117647,0.35555555555555557,0.0,0.011092369183381615
0.75,0.2857142857142857,0.1,1.0,0.8412903225806452,0.026188835286009647,0.02838043860677847,0.03743315508021391,0.21221864951768493,0.6235294117647059,0.20000000000000004,0.0,0.011963257672985957
0.875,0.5714285714285714,0.9,0.3333333333333333,0.9380645161290323,0.1268090971743625,0.7809311598451976,0.09269162210338681,0.5787781350482315,0.25882352941176473,0.2555555555555556,0.0,0.012559128744820505
0.5,0.5714285714285714,0.2,0.8333333333333334,0.9277419354838708,0.16884906960716747,0.1084789492201243,0.13903743315508021,0.4147909967845659,0.5764705882352941,0.4,0.0,0.012824978915331306
0.375,0.42857142857142855,0.8,0.5,0.9574193548387098,0.46829772570640943,0.8191626597865603,0.1639928698752228,0.6398713826366561,0.2235294117647059,0.15555555555555556,0.0,0.013356679256352904
0.125,0.0,0.7,0.8333333333333334,0.9651612903225806,0.4765678842177809,0.687580626246042,0.36185383244206776,0.6655948553054662,0.18823529411764706,0.7555555555555555,0.0,0.014163397015144293
0.75,0.42857142857142855,0.8,0.16666666666666666,0.9329032258064516,0.44245348035837356,0.8029787733083148,0.12477718360071301,0.594855305466238,0.25882352941176473,0.20000000000000004,0.0,0.01576766528546808
0.625,0.42857142857142855,0.8,0.6666666666666666,0.950967741935484,0.4024810475534115,0.7741292365427466,0.2174688057040998,0.5594855305466239,0.21176470588235294,0.6555555555555554,0.0,0.017628616479043676
0.875,0.14285714285714285,0.8,0.5,0.967741935483871,0.2749827705031014,0.7943004573707049,0.3190730837789661,0.6752411575562701,0.12941176470588237,0.5,0.0,0.02146052583330278
0.375,0.2857142857142857,0.9,0.8333333333333334,0.9277419354838708,0.14679531357684356,0.7962941245455611,0.11942959001782531,0.5209003215434084,0.11764705882352941,0.30000000000000004,0.0,0.02221224010854021
0.75,0.2857142857142857,0.7,0.8333333333333334,0.9651612903225806,0.4765678842177809,0.687580626246042,0.36185383244206776,0.09324758842443728,0.9529411764705882,0.6,0.0,0.023834842873381983
0.75,0.2857142857142857,0.8,0.6666666666666666,0.9754838709677419,0.2894555478980014,0.8026269496892224,0.28342245989304815,0.5755627009646304,0.3764705882352941,0.5,0.0,0.023954017087748893
0.75,0.14285714285714285,0.2,0.0,0.889032258064516,0.17608545830461753,0.11246628356983697,0.08912655971479501,0.28295819935691324,0.36470588235294116,0.6,0.0,0.02507242125334605
0.375,0.2857142857142857,0.2,0.8333333333333334,0.9419354838709677,0.11957270847691247,0.08549313943942768,0.13903743315508021,0.47588424437299043,0.1411764705882353,0.5,0.0,0.02627333064427414
0.375,0.2857142857142857,0.2,0.8333333333333334,0.9419354838709677,0.11957270847691247,0.08549313943942768,0.13903743315508021,0.47588424437299043,0.1411764705882353,0.5,0.0,0.02627333064427414
0.375,0.2857142857142857,0.8,1.0,0.950967741935484,0.4238456237077877,0.7890231030843204,0.15151515151515152,0.47266881028938906,0.5294117647058824,0.1,0.0,0.027025044919511573
0.0,0.14285714285714285,0.8,0.0,0.9019354838709677,0.31254307374224677,0.8232672686759704,0.1265597147950089,0.3279742765273312,0.6823529411764706,0.6555555555555554,0.0,0.02779509368926699
0.375,0.42857142857142855,0.8,0.3333333333333333,0.9574193548387098,0.45554789800137846,0.811187991087135,0.1639928698752228,0.5530546623794212,0.047058823529411764,0.1,0.0,0.029078508305526017
0.625,0.42857142857142855,0.2,0.0,0.921290322580645,0.1330117160578911,0.09229506274187872,0.11051693404634581,0.41800643086816724,0.1411764705882353,0.30000000000000004,0.0,0.029206849767151922
0.875,0.5714285714285714,0.7,1.0,0.9225806451612903,0.339421088904204,0.7309722059340917,0.1122994652406417,0.4501607717041801,0.5176470588235295,0.30000000000000004,0.0,0.029399361959590777
0.25,0.2857142857142857,0.8,0.6666666666666666,0.9625806451612903,0.4827705031013094,0.8279582502638677,0.24777183600713013,0.527331189710611,0.4,0.35555555555555557,0.0,0.032892083165267136
0.375,0.14285714285714285,0.2,0.0,0.889032258064516,0.17608545830461753,0.11246628356983697,0.08912655971479501,0.28295819935691324,0.36470588235294116,0.6,0.0,0.03378130614938946
0.125,0.0,0.6,0.6666666666666666,0.8980645161290322,0.5141281874569263,0.35416910988624367,0.1212121212121212,0.36012861736334406,0.7529411764705882,0.35555555555555557,0.0,0.03393714935279235
0.75,0.2857142857142857,0.8,0.3333333333333333,0.921290322580645,0.2818745692625776,0.8535240999179079,0.11051693404634581,0.4244372990353698,0.49411764705882355,0.4555555555555555,0.0,0.03456968941366287
0.375,0.2857142857142857,0.8,1.0,0.9651612903225806,0.5106822880771882,0.8451976075993902,0.1443850267379679,0.6655948553054662,0.2823529411764706,0.5,0.0,0.044506985442411356
0.75,0.42857142857142855,0.9,0.0,0.9419354838709677,0.1633356305995865,0.8070833821977249,0.1978609625668449,0.44694533762057886,0.3411764705882353,0.4,0.0,0.04525869971764879
0.875,0.5714285714285714,0.7,0.8333333333333334,0.9483870967741935,0.2780840799448656,0.5545912982291544,0.21212121212121213,0.5755627009646304,0.2235294117647059,0.4555555555555555,0.0,0.0534450515199296
0.375,0.5714285714285714,0.8,1.0,0.9651612903225806,0.5106822880771882,0.8451976075993902,0.1443850267379679,0.8392282958199357,0.12941176470588237,0.30000000000000004,0.0,0.05876205493014557
0.875,0.5714285714285714,0.7,0.8333333333333334,0.9483870967741935,0.2780840799448656,0.5545912982291544,0.21212121212121213,0.4565916398713826,0.32941176470588235,0.4,0.0,0.0653624729566206
0.375,0.2857142857142857,0.8,0.3333333333333333,0.9574193548387098,0.45554789800137846,0.811187991087135,0.1639928698752228,0.7781350482315113,0.07058823529411765,0.4555555555555555,0.0,0.08112097099482968
0.0,0.42857142857142855,0.8,1.0,0.9651612903225806,0.5106822880771882,0.8451976075993902,0.1443850267379679,0.8231511254019294,0.1411764705882353,0.30000000000000004,0.0,0.08725385941109605
0.625,0.2857142857142857,0.8,0.16666666666666666,0.9329032258064516,0.44245348035837356,0.8029787733083148,0.12477718360071301,0.5305466237942122,0.32941176470588235,0.2555555555555556,0.0,0.09478016941072935
1.0,0.2857142857142857,0.8,0.16666666666666666,0.847741935483871,0.24913852515506552,0.7787029435909464,0.05704099821746881,0.7106109324758844,0.24705882352941178,0.30000000000000004,0.0,0.09686113453852077
0.375,0.42857142857142855,0.8,0.8333333333333334,0.952258064516129,0.4135079255685734,0.7816348070833822,0.1532976827094474,0.4983922829581994,0.11764705882352941,0.30000000000000004,0.0,0.14198232554728465
0.875,0.5714285714285714,0.7,1.0,0.9380645161290323,0.4869055823569952,0.696024393104257,0.1889483065953654,0.5594855305466239,0.3058823529411765,0.6,0.0,0.18011807414469583
0.125,0.0,0.8,0.8333333333333334,0.952258064516129,0.4135079255685734,0.7816348070833822,0.1532976827094474,0.5144694533762059,0.36470588235294116,0.15555555555555556,0.0,0.18420666642220676
0.0,0.0,0.8,0.16666666666666666,0.9329032258064516,0.44245348035837356,0.8029787733083148,0.12477718360071301,0.5337620578778136,0.29411764705882354,0.20000000000000004,0.0,0.19515235964944447
0.625,0.42857142857142855,0.8,0.8333333333333334,0.952258064516129,0.4135079255685734,0.7816348070833822,0.1532976827094474,0.7363344051446946,0.1411764705882353,0.4,0.0,1.0
0.75,0.42857142857142855,0.3,1.0,0.815483870967742,0.006547208821502412,0.0,0.062388591800356503,0.36012861736334406,0.7058823529411765,0.15555555555555556,0.0,0.0
0.625,0.14285714285714285,0.3,0.3333333333333333,0.8941935483870967,0.05547898001378359,0.04174973613228568,0.0677361853832442,0.41800643086816724,0.4235294117647059,0.2555555555555556,0.0,0.0
0.375,0.2857142857142857,0.3,0.6666666666666666,0.8296774193548386,0.07649896623018608,0.09077049372581211,0.0409982174688057,0.4662379421221865,0.058823529411764705,0.30000000000000004,0.0,0.0
0.125,0.2857142857142857,0.7,1.0,0.9741935483870968,0.41764300482425915,0.6825378210390524,0.22994652406417113,0.4244372990353698,0.6,0.4,0.0,0.009286421473359981
0.75,0.2857142857142857,0.7,1.0,0.9432258064516128,0.5995864920744315,0.8124780110238068,0.24598930481283424,0.6334405144694534,0.6823529411764706,0.7999999999999999,0.15625,0.0
0.125,0.2857142857142857,0.7,1.0,0.9432258064516128,0.5995864920744315,0.8124780110238068,0.24598930481283424,0.6495176848874599,0.4588235294117647,0.7999999999999999,0.0,0.002630999963331011
0.25,0.2857142857142857,0.7,1.0,0.9432258064516128,0.5995864920744315,0.8124780110238068,0.24598930481283424,0.7909967845659165,0.27058823529411763,0.6555555555555554,0.0,0.0006967107916834734
0.5,0.2857142857142857,0.7,1.0,0.9432258064516128,0.5995864920744315,0.8124780110238068,0.24598930481283424,0.7556270096463023,0.2823529411764706,0.5555555555555556,0.0,8.250522533093764e-05
0.125,0.2857142857142857,0.7,0.3333333333333333,0.9483870967741935,0.31185389386629914,0.5813298932801689,0.1711229946524064,0.594855305466238,0.6470588235294118,0.20000000000000004,0.0,0.0006875435444244803
0.875,0.5714285714285714,0.7,0.3333333333333333,0.9599999999999999,0.5382494831150931,0.77260466752668,0.24064171122994651,0.8520900321543409,0.15294117647058825,0.2555555555555556,0.0,0.0
0.25,0.2857142857142857,0.7,0.3333333333333333,0.9599999999999999,0.5382494831150931,0.77260466752668,0.24064171122994651,0.6270096463022509,0.29411764705882354,0.0,0.0,0.0022643100729712886
0.875,0.42857142857142855,0.7,0.3333333333333333,0.9599999999999999,0.5382494831150931,0.77260466752668,0.24064171122994651,0.7909967845659165,0.11764705882352941,0.30000000000000004,0.0,0.0006233728136115288
0.875,0.42857142857142855,0.7,0.3333333333333333,0.9599999999999999,0.5382494831150931,0.77260466752668,0.24064171122994651,0.7009646302250805,0.24705882352941178,0.30000000000000004,0.0,0.00022001393421583368
0.625,0.42857142857142855,0.7,0.3333333333333333,0.9599999999999999,0.5382494831150931,0.77260466752668,0.24064171122994651,0.6398713826366561,0.25882352941176473,0.35555555555555557,0.0,0.00019251219243885447
0.75,0.2857142857142857,0.7,0.5,0.9445161290322581,0.3725017229496899,0.653922833352879,0.14260249554367202,0.617363344051447,0.27058823529411763,0.2555555555555556,0.0,0.0013934215833669467
0.625,0.14285714285714285,0.7,0.5,0.9406451612903225,0.4720882150241213,0.7198311246628357,0.1122994652406417,0.5369774919614148,0.3058823529411765,0.30000000000000004,0.0,0.009478933665798835
0.125,0.42857142857142855,0.7,0.5,0.8877419354838709,0.2615437629221227,0.8055588131816582,0.08912655971479501,0.6463022508038586,0.36470588235294116,0.4,0.0,0.0
0.875,0.5714285714285714,0.7,0.8333333333333334,0.9741935483870968,0.4000689179875948,0.6722176615456784,0.19607843137254902,0.6977491961414791,0.3058823529411765,0.20000000000000004,0.0,0.007352132301712442
0.375,0.14285714285714285,0.7,0.8333333333333334,0.9741935483870968,0.4000689179875948,0.6722176615456784,0.19607843137254902,0.617363344051447,0.3411764705882353,0.2555555555555556,0.0,0.0006233728136115288
0.25,0.2857142857142857,0.7,0.8333333333333334,0.9432258064516128,0.5851137146795314,0.8026269496892224,0.2442067736185383,0.5916398713826367,0.5176470588235295,0.05555555555555555,0.0,0.0
0.75,0.2857142857142857,0.7,0.8333333333333334,0.9432258064516128,0.5851137146795314,0.8026269496892224,0.2442067736185383,0.6913183279742766,0.29411764705882354,0.15555555555555556,0.0,0.0012650801217410437
0.125,0.2857142857142857,0.7,0.0,0.9664516129032257,0.33356305995864927,0.6263633165239826,0.25668449197860965,0.8392282958199357,0.2,0.4,0.0,0.008113013824208867
0.25,0.2857142857142857,0.7,0.6666666666666666,0.9406451612903225,0.38352860096485186,0.6627184238301864,0.15864527629233513,0.28938906752411575,0.8117647058823529,0.7999999999999999,0.0,0.003025191595467713
0.125,0.2857142857142857,0.7,0.6666666666666666,0.9406451612903225,0.38352860096485186,0.6627184238301864,0.15864527629233513,0.617363344051447,0.3176470588235294,0.30000000000000004,0.0,0.003896080085072055
0.625,0.14285714285714285,0.7,0.6666666666666666,0.9341935483870967,0.48242591316333566,0.7285094406004456,0.1265597147950089,0.54983922829582,0.2823529411764706,0.35555555555555557,0.0,0.001430090572402919
0.375,0.2857142857142857,0.7,0.6666666666666666,0.9754838709677419,0.5737422467263956,0.7933622610531254,0.23172905525846701,0.6302250803858522,0.4470588235294118,0.30000000000000004,0.0,0.005995379707381468
0.375,0.2857142857142857,0.7,0.16666666666666666,0.967741935483871,0.34838042729152313,0.6360971033188694,0.26024955436720143,0.6398713826366561,0.4588235294117647,0.7999999999999999,0.0,0.0007242125334604526
0.625,0.42857142857142855,0.7,0.16666666666666666,0.9754838709677419,0.4500344589937974,0.7027090418670107,0.4046345811051693,0.5530546623794212,0.47058823529411764,0.4,0.0,0.0001558432034028822
0.125,0.0,0.7,0.16666666666666666,0.9470967741935483,0.5220537560303239,0.7626363316523983,0.2549019607843137,0.6913183279742766,0.10588235294117647,0.30000000000000004,0.0,0.0
0.25,0.2857142857142857,0.7,0.16666666666666666,0.9470967741935483,0.5220537560303239,0.7626363316523983,0.2549019607843137,0.6045016077170419,0.2,0.30000000000000004,0.0,0.0
0.375,0.2857142857142857,0.7,0.16666666666666666,0.9470967741935483,0.5220537560303239,0.7626363316523983,0.2549019607843137,0.5434083601286175,0.4470588235294118,0.2555555555555556,0.0,0.004033588793956951
0.125,0.0,0.7,0.16666666666666666,0.9470967741935483,0.5220537560303239,0.7626363316523983,0.2549019607843137,0.6302250803858522,0.4823529411764706,0.30000000000000004,0.0,0.0004766968574676397
0.875,0.5714285714285714,0.7,0.16666666666666666,0.9470967741935483,0.5220537560303239,0.7626363316523983,0.2549019607843137,0.5755627009646304,0.5058823529411764,0.4555555555555555,0.0,0.008498038209086576
0.125,0.42857142857142855,0.7,0.16666666666666666,0.9470967741935483,0.5220537560303239,0.7626363316523983,0.2549019607843137,0.5787781350482315,0.3764705882352941,0.4,0.0,0.0028326794030288584
0.375,0.5714285714285714,0.05,1.0,0.847741935483871,0.08993797381116471,0.40530080919432393,0.1212121212121212,0.08360128617363344,0.49411764705882355,0.8999999999999999,0.0,0.008232188038575778
0.875,0.5714285714285714,0.05,0.3333333333333333,0.8425806451612903,0.09200551343900758,0.4065908291309957,0.0944741532976827,0.09324758842443728,0.5411764705882353,0.8444444444444444,0.0,0.010258149682813245
0.375,0.5714285714285714,0.05,0.5,0.8503225806451612,0.08718125430737422,0.40354169109886245,0.035650623885918005,0.09324758842443728,0.5411764705882353,0.5,0.0,0.004931979025338272
0.375,0.2857142857142857,0.05,0.0,0.8606451612903226,0.0837353549276361,0.4008443766858215,0.04634581105169341,0.07717041800643086,0.07058823529411765,0.8999999999999999,0.0,0.016363536357302633
0.25,0.2857142857142857,0.05,0.0,0.8606451612903226,0.0837353549276361,0.4008443766858215,0.04634581105169341,0.07717041800643086,0.07058823529411765,0.8999999999999999,0.0,0.009836456308899564
0.375,0.2857142857142857,0.05,0.0,0.8606451612903226,0.0837353549276361,0.4008443766858215,0.04634581105169341,0.07717041800643086,0.07058823529411765,0.8999999999999999,0.0,0.020195445711561736
0.375,0.2857142857142857,0.05,0.0,0.8606451612903226,0.0837353549276361,0.4008443766858215,0.04634581105169341,0.07717041800643086,0.07058823529411765,0.8999999999999999,0.0,0.008956400572036229
0.375,0.5714285714285714,0.05,0.6666666666666666,0.8516129032258064,0.08821502412129566,0.40424533833704707,0.0730837789661319,0.0,0.5176470588235295,0.5,0.0,0.008498038209086576
0.625,0.42857142857142855,0.05,0.16666666666666666,0.8606451612903226,0.0837353549276361,0.4008443766858215,0.04634581105169341,0.09324758842443728,0.10588235294117647,0.8999999999999999,0.0,0.022707271460525834
0.625,0.14285714285714285,0.1,1.0,0.8541935483870968,0.09097174362508614,0.40530080919432393,0.0606060606060606,0.06430868167202573,0.4235294117647059,0.4,0.0,0.0
0.25,0.2857142857142857,0.1,0.3333333333333333,0.88,0.018952446588559616,0.012665650287322621,0.05704099821746881,0.21221864951768493,0.23529411764705882,0.30000000000000004,0.0,0.0010083971984892377
0.5,0.2857142857142857,0.1,0.6666666666666666,0.8580645161290322,0.013094417643004825,0.009264688636097104,0.1122994652406417,0.17041800643086819,0.36470588235294116,0.8444444444444444,0.0,0.0222214073557992
0.125,0.42857142857142855,0.6,1.0,0.9703225806451613,0.5809786354238456,0.4736718658379266,0.21925133689839574,0.6816720257234727,0.29411764705882354,0.6555555555555554,0.0,0.0
0.75,0.5714285714285714,0.6,0.3333333333333333,0.9354838709677419,0.6271536871123363,0.5040459716195613,0.22281639928698752,0.33440514469453375,0.8823529411764706,0.7999999999999999,0.03125,0.0
0.75,0.2857142857142857,0.6,0.8333333333333334,0.9406451612903225,0.35527222605099934,0.547672100387006,0.16042780748663102,0.6398713826366561,0.4,0.2555555555555556,0.0,0.0
0.75,0.2857142857142857,0.6,0.8333333333333334,0.9406451612903225,0.35527222605099934,0.547672100387006,0.16042780748663102,0.707395498392283,0.2,0.15555555555555556,0.0,0.0
0.75,0.2857142857142857,0.6,0.8333333333333334,0.9406451612903225,0.35527222605099934,0.547672100387006,0.16042780748663102,0.7106109324758844,0.17647058823529413,0.15555555555555556,0.0,0.0
0.125,0.42857142857142855,0.6,0.8333333333333334,0.9406451612903225,0.35527222605099934,0.547672100387006,0.16042780748663102,0.5305466237942122,0.4470588235294118,0.15555555555555556,0.0,0.0
1.0,0.2857142857142857,0.6,0.8333333333333334,0.9406451612903225,0.35527222605099934,0.547672100387006,0.16042780748663102,0.7427652733118972,0.2823529411764706,0.05555555555555555,0.0,0.007333797807194456
0.375,0.42857142857142855,0.6,0.6666666666666666,0.9406451612903225,0.3414886285320469,0.5375864899730268,0.1122994652406417,0.6655948553054662,0.29411764705882354,0.1,0.0,0.0024201532763741705
0.75,0.5714285714285714,0.6,0.16666666666666666,0.9599999999999999,0.6178497587870435,0.4959540283804386,0.19607843137254902,0.7942122186495177,0.15294117647058825,0.5555555555555556,0.0,0.0792508525539951
0.875,0.5714285714285714,0.6,0.16666666666666666,0.9496774193548386,0.3022053756030324,0.5077987568898792,0.15151515151515152,0.47909967845659174,0.611764705882353,0.35555555555555557,0.0,0.006022881449158447
0.75,0.42857142857142855,0.5,1.0,0.9599999999999999,0.6178497587870435,0.4959540283804386,0.19607843137254902,0.6430868167202572,0.38823529411764707,0.1,0.0,0.0
0.625,0.2857142857142857,0.5,1.0,0.9251612903225807,0.3046175051688491,0.33176967280403424,0.11408199643493762,0.3890675241157557,0.36470588235294116,0.15555555555555556,0.0,0.0008250522533093764
0.875,0.5714285714285714,0.5,1.0,0.9251612903225807,0.3046175051688491,0.33176967280403424,0.11408199643493762,0.4244372990353698,0.35294117647058826,0.20000000000000004,0.0,0.0
0.875,0.5714285714285714,0.5,0.3333333333333333,0.9354838709677419,0.5055134390075811,0.43309487510261524,0.2263814616755793,0.5594855305466239,0.32941176470588235,0.5,0.0,0.0
0.625,0.42857142857142855,0.5,0.8333333333333334,0.447741935483871,0.24086836664369404,0.26492318517649815,0.007130124777183601,0.270096463022508,0.8823529411764706,0.2555555555555556,0.0,0.0
0.625,0.42857142857142855,0.5,0.0,0.9251612903225807,0.3177119228118539,0.34033071420194677,0.13368983957219252,0.594855305466238,0.11764705882352941,0.5,0.0,0.0
0.625,0.42857142857142855,0.5,0.0,0.9251612903225807,0.3177119228118539,0.34033071420194677,0.13368983957219252,0.5434083601286175,0.2823529411764706,0.5555555555555556,0.0,0.0032268710351655606
0.25,0.5714285714285714,0.5,0.6666666666666666,0.9341935483870967,0.32046864231564437,0.2629295180016418,0.1265597147950089,0.5466237942122187,0.27058823529411763,0.4555555555555555,0.0,0.0
0.25,0.5714285714285714,0.5,0.6666666666666666,0.9341935483870967,0.32046864231564437,0.2629295180016418,0.1265597147950089,0.5466237942122187,0.27058823529411763,0.4555555555555555,0.0,0.0
0.625,0.42857142857142855,0.4,0.8333333333333334,0.856774193548387,0.0926946933149552,0.12419373753958014,0.062388591800356503,0.2926045016077171,0.9294117647058824,0.5,0.0,0.0
0.0,0.2857142857142857,0.8,1.0,0.9148387096774192,0.28600964851826327,0.8284273484226574,0.10160427807486631,0.5401929260450161,0.43529411764705883,0.20000000000000004,0.0,0.0
0.75,0.2857142857142857,0.8,1.0,0.9148387096774192,0.28600964851826327,0.8284273484226574,0.10160427807486631,0.47909967845659174,0.4470588235294118,0.5555555555555556,0.0,0.00037585713761871585
0.25,0.2857142857142857,0.8,1.0,0.9148387096774192,0.28600964851826327,0.8284273484226574,0.10160427807486631,0.6945337620578779,0.23529411764705882,0.35555555555555557,0.0,0.00474863408015841
0.125,0.2857142857142857,0.8,1.0,0.950967741935484,0.36078566505858034,0.8797935968101325,0.17647058823529413,0.44372990353697755,0.35294117647058826,0.15555555555555556,0.0,0.0
0.125,0.2857142857142857,0.8,1.0,0.950967741935484,0.36078566505858034,0.8797935968101325,0.17647058823529413,0.729903536977492,0.1411764705882353,0.20000000000000004,0.0,0.0
0.75,0.2857142857142857,0.8,1.0,0.950967741935484,0.36078566505858034,0.8797935968101325,0.17647058823529413,0.7427652733118972,0.1411764705882353,0.2555555555555556,0.0,0.0
0.625,0.14285714285714285,0.8,1.0,0.950967741935484,0.36078566505858034,0.8797935968101325,0.17647058823529413,0.7266881028938907,0.15294117647058825,0.15555555555555556,0.0,0.013099996333101096
0.125,0.2857142857142857,0.8,1.0,0.4090322580645161,0.15541006202618884,0.8193972088659552,0.007130124777183601,0.3215434083601286,0.7411764705882353,0.6555555555555554,0.0,0.0
0.625,0.42857142857142855,0.8,0.3333333333333333,0.953548387096774,0.39386629910406623,0.9020757593526445,0.1568627450980392,0.7106109324758844,0.1411764705882353,0.5,0.0,0.0
0.375,0.2857142857142857,0.8,0.3333333333333333,0.953548387096774,0.39386629910406623,0.9020757593526445,0.1568627450980392,0.5627009646302251,0.3058823529411765,0.15555555555555556,0.0,0.0014484250669209052
0.25,0.2857142857142857,0.8,0.3333333333333333,0.9354838709677419,0.4603721571330117,0.9494546733904069,0.12834224598930483,0.5241157556270097,0.17647058823529413,0.2555555555555556,0.0,0.0
0.375,0.42857142857142855,0.8,0.5,0.950967741935484,0.32770503101309445,0.8578632578867127,0.1532976827094474,0.527331189710611,0.10588235294117647,0.6,0.0,0.0
0.375,0.2857142857142857,0.8,0.5,0.950967741935484,0.32770503101309445,0.8578632578867127,0.1532976827094474,0.5466237942122187,0.10588235294117647,0.5,0.0,0.0034652194638993806
0.625,0.42857142857142855,0.8,0.5,0.9561290322580644,0.4062715368711234,0.9095813298932801,0.13368983957219252,0.6237942122186496,0.1411764705882353,0.20000000000000004,0.0,0.0
0.5,0.2857142857142857,0.8,0.5,0.9561290322580644,0.4062715368711234,0.9095813298932801,0.13368983957219252,0.6237942122186496,0.15294117647058825,0.6555555555555554,0.0,0.0040427560412159445
0.625,0.14285714285714285,0.8,0.5,0.9561290322580644,0.4062715368711234,0.9095813298932801,0.13368983957219252,0.5369774919614148,0.2235294117647059,0.7555555555555555,0.0,0.03149866158190019
0.0,0.2857142857142857,0.8,0.5,0.9561290322580644,0.4062715368711234,0.9095813298932801,0.13368983957219252,0.46945337620578786,0.15294117647058825,0.4,0.0,0.006609585273734004
0.625,0.42857142857142855,0.8,0.5,0.9561290322580644,0.4062715368711234,0.9095813298932801,0.13368983957219252,0.46945337620578786,0.15294117647058825,0.4,0.0,0.0009258919731583001
0.25,0.42857142857142855,0.8,0.5,0.9290322580645162,0.4679531357684356,0.9556702239943707,0.1212121212121212,0.3440514469453376,0.2823529411764706,0.2555555555555556,0.0,0.0019984599024604893
0.625,0.42857142857142855,0.8,0.5,0.8954838709677418,0.17987594762232942,0.8432039404245338,0.09625668449197862,0.36977491961414793,0.4823529411764706,0.15555555555555556,0.0,0.004051923288474937
0.0,0.2857142857142857,0.8,0.8333333333333334,0.9483870967741935,0.34872501722949695,0.872053477190102,0.14973262032085563,0.707395498392283,0.1411764705882353,0.30000000000000004,0.0,0.0
0.5,0.2857142857142857,0.8,0.8333333333333334,0.9483870967741935,0.34872501722949695,0.872053477190102,0.14973262032085563,0.7041800643086817,0.1411764705882353,0.30000000000000004,0.0,0.0
0.625,0.42857142857142855,0.8,0.8333333333333334,0.9483870967741935,0.34872501722949695,0.872053477190102,0.14973262032085563,0.6109324758842444,0.2,0.20000000000000004,0.0,0.0
0.625,0.42857142857142855,0.8,0.8333333333333334,0.9483870967741935,0.34872501722949695,0.872053477190102,0.14973262032085563,0.5627009646302251,0.23529411764705882,0.15555555555555556,0.0,0.0
0.375,0.14285714285714285,0.8,0.8333333333333334,0.9483870967741935,0.34872501722949695,0.872053477190102,0.14973262032085563,0.684887459807074,0.1411764705882353,0.4,0.0,0.0030526933372446927
0.25,0.14285714285714285,0.8,0.8333333333333334,0.9483870967741935,0.34872501722949695,0.872053477190102,0.14973262032085563,0.707395498392283,0.1411764705882353,0.30000000000000004,0.0,0.00603204869641744
0.75,0.2857142857142857,0.8,0.8333333333333334,0.9354838709677419,0.4248793935217092,0.923419725577577,0.15151515151515152,0.6205787781350482,0.15294117647058825,0.4555555555555555,0.0,0.014337574713065163
0.375,0.2857142857142857,0.8,0.8333333333333334,0.9354838709677419,0.4248793935217092,0.923419725577577,0.15151515151515152,0.47909967845659174,0.3058823529411765,0.20000000000000004,0.0,0.010285651424590226
0.0,0.2857142857142857,0.8,0.0,0.9470967741935483,0.29841488628532054,0.8364020171220828,0.16934046345811052,0.5112540192926046,0.4588235294117647,0.30000000000000004,0.0,0.001952623666165524
0.125,0.14285714285714285,0.8,0.0,0.9406451612903225,0.36974500344589945,0.8867127946522809,0.11051693404634581,0.5080385852090032,0.4235294117647059,0.5555555555555556,0.0,0.0
0.375,0.14285714285714285,0.8,0.0,0.9406451612903225,0.36974500344589945,0.8867127946522809,0.11051693404634581,0.24437299035369778,0.8352941176470589,0.15555555555555556,0.0,0.0
0.75,0.2857142857142857,0.8,0.0,0.9406451612903225,0.36974500344589945,0.8867127946522809,0.11051693404634581,0.54983922829582,0.3411764705882353,0.20000000000000004,0.0,0.0
0.625,0.14285714285714285,0.8,0.0,0.9406451612903225,0.36974500344589945,0.8867127946522809,0.11051693404634581,0.6688102893890676,0.2235294117647059,0.20000000000000004,0.0,0.05137325363939717
0.875,0.5714285714285714,0.8,0.0,0.9406451612903225,0.36974500344589945,0.8867127946522809,0.11051693404634581,0.6591639871382637,0.23529411764705882,0.20000000000000004,0.0,0.006857100949726817
0.125,0.2857142857142857,0.8,0.0,0.9406451612903225,0.36974500344589945,0.8867127946522809,0.11051693404634581,0.5852090032154341,0.3058823529411765,0.15555555555555556,0.0,0.0013475853470719813
0.125,0.42857142857142855,0.8,0.0,0.9406451612903225,0.36974500344589945,0.8867127946522809,0.11051693404634581,0.54983922829582,0.3411764705882353,0.20000000000000004,0.0,0.003602728172784277
0.875,0.5714285714285714,0.8,0.0,0.9445161290322581,0.3811164713990352,0.8941010906532191,0.11586452762923351,0.4340836012861737,0.4235294117647059,0.20000000000000004,0.0,0.0
0.625,0.14285714285714285,0.8,0.0,0.9393548387096774,0.4445210199862164,0.937258121261874,0.13368983957219252,0.5916398713826367,0.25882352941176473,0.15555555555555556,0.0,0.0
0.875,0.5714285714285714,0.8,0.0,0.9393548387096774,0.4445210199862164,0.937258121261874,0.13368983957219252,0.4405144694533762,0.4235294117647059,0.4555555555555555,0.0,0.0019984599024604893
0.625,0.14285714285714285,0.8,0.0,0.9393548387096774,0.4445210199862164,0.937258121261874,0.13368983957219252,0.3215434083601286,0.6,0.5,0.0,0.0055920208279857725
0.125,0.0,0.8,0.0,0.9393548387096774,0.4445210199862164,0.937258121261874,0.13368983957219252,0.46945337620578786,0.32941176470588235,0.30000000000000004,0.0,0.00534450515199296
0.0,0.2857142857142857,0.8,0.0,0.9393548387096774,0.4445210199862164,0.937258121261874,0.13368983957219252,0.6141479099678457,0.23529411764705882,0.20000000000000004,0.0,0.025842470023101465
0.5,0.2857142857142857,0.8,0.6666666666666666,0.9470967741935483,0.3373535492763612,0.8647824557288611,0.1711229946524064,0.2540192926045016,0.7058823529411765,0.35555555555555557,0.0,0.0
0.25,0.2857142857142857,0.8,0.6666666666666666,0.9470967741935483,0.3373535492763612,0.8647824557288611,0.1711229946524064,0.4887459807073955,0.49411764705882355,0.4555555555555555,0.0,0.0
0.5,0.2857142857142857,0.8,0.6666666666666666,0.9470967741935483,0.3373535492763612,0.8647824557288611,0.1711229946524064,0.3408360128617364,0.5764705882352941,0.35555555555555557,0.0,0.0015034285504748634
0.5,0.2857142857142857,0.8,0.6666666666666666,0.9470967741935483,0.3373535492763612,0.8647824557288611,0.1711229946524064,0.2540192926045016,0.7058823529411765,0.35555555555555557,0.0,0.003401048733086429
0.375,0.2857142857142857,0.8,0.6666666666666666,0.9470967741935483,0.3373535492763612,0.8647824557288611,0.1711229946524064,0.4244372990353698,0.4470588235294118,0.6555555555555554,0.0,0.006701257746323934
0.75,0.2857142857142857,0.8,0.6666666666666666,0.9470967741935483,0.3373535492763612,0.8647824557288611,0.1711229946524064,0.5916398713826367,0.32941176470588235,0.35555555555555557,0.0,0.001860951193575593
0.75,0.2857142857142857,0.8,0.6666666666666666,0.9470967741935483,0.3373535492763612,0.8647824557288611,0.1711229946524064,0.5659163987138265,0.3764705882352941,0.2555555555555556,0.0,0.0015767665285468082
0.75,0.2857142857142857,0.8,0.6666666666666666,0.9470967741935483,0.3373535492763612,0.8647824557288611,0.1711229946524064,0.5305466237942122,0.4117647058823529,0.20000000000000004,0.0,0.005472846613618862
0.375,0.2857142857142857,0.8,0.6666666666666666,0.9470967741935483,0.3373535492763612,0.8647824557288611,0.1711229946524064,0.5980707395498394,0.23529411764705882,0.5,0.0,0.01197242492024495
0.375,0.2857142857142857,0.8,0.6666666666666666,0.9470967741935483,0.3373535492763612,0.8647824557288611,0.1711229946524064,0.5980707395498394,0.23529411764705882,0.5,0.0,0.0011550731546331268
0.625,0.14285714285714285,0.8,0.6666666666666666,0.952258064516129,0.41660923501033775,0.9168523513545209,0.1818181818181818,0.4405144694533762,0.47058823529411764,0.35555555555555557,0.0,0.0
0.625,0.14285714285714285,0.8,0.6666666666666666,0.952258064516129,0.41660923501033775,0.9168523513545209,0.1818181818181818,0.5627009646302251,0.2823529411764706,0.2555555555555556,0.0,0.0
0.0,0.2857142857142857,0.8,0.6666666666666666,0.952258064516129,0.41660923501033775,0.9168523513545209,0.1818181818181818,0.6077170418006432,0.2823529411764706,0.20000000000000004,0.0,0.007443804774302372
0.625,0.42857142857142855,0.8,0.6666666666666666,0.952258064516129,0.41660923501033775,0.9168523513545209,0.1818181818181818,0.5209003215434084,0.3176470588235294,0.20000000000000004,0.0,0.0009992299512302447
0.375,0.14285714285714285,0.8,0.6666666666666666,0.952258064516129,0.41660923501033775,0.9168523513545209,0.1818181818181818,0.4855305466237943,0.35294117647058826,0.4,0.0,0.0036118954200432696
0.75,0.2857142857142857,0.8,0.6666666666666666,0.896774193548387,0.18642315644383184,0.849536765568195,0.2067736185383244,0.41800643086816724,0.5764705882352941,0.30000000000000004,0.0,0.0004766968574676397
0.375,0.14285714285714285,0.8,0.16666666666666666,0.9445161290322581,0.3811164713990352,0.8941010906532191,0.11586452762923351,0.4405144694533762,0.4470588235294118,0.20000000000000004,0.0,0.0026860034468849697
0.625,0.42857142857142855,0.8,0.16666666666666666,0.9445161290322581,0.3811164713990352,0.8941010906532191,0.11586452762923351,0.6077170418006432,0.23529411764705882,0.2555555555555556,0.0,0.005179494701331085
0.625,0.42857142857142855,0.8,0.16666666666666666,0.9445161290322581,0.3811164713990352,0.8941010906532191,0.11586452762923351,0.5594855305466239,0.35294117647058826,0.30000000000000004,0.0,0.01836199625976312
0.375,0.42857142857142855,0.8,0.16666666666666666,0.9341935483870967,0.4521019986216403,0.9431218482467456,0.22281639928698752,0.4405144694533762,0.27058823529411763,0.5555555555555556,0.0,0.0016042682703237873
0.375,0.42857142857142855,0.8,0.16666666666666666,0.9341935483870967,0.4521019986216403,0.9431218482467456,0.22281639928698752,0.4565916398713826,0.1411764705882353,0.35555555555555557,0.0,0.0
0.625,0.42857142857142855,0.8,0.8333333333333334,0.9354838709677419,0.321157822191592,0.8637269848715843,0.14973262032085563,0.46945337620578786,0.3764705882352941,0.5,0.0,0.011587400535367241
0.375,0.42857142857142855,0.8,1.0,0.9329032258064516,0.9483115093039283,0.9583675384074117,0.1265597147950089,0.37299035369774924,0.7294117647058823,0.7999999999999999,0.0,0.0
0.75,0.2857142857142857,0.8,1.0,0.9329032258064516,0.9483115093039283,0.9583675384074117,0.1265597147950089,0.37299035369774924,0.7294117647058823,0.7999999999999999,0.0,0.010138975468446337
0.25,0.2857142857142857,0.6,0.3333333333333333,0.9445161290322581,0.4565816678152998,0.6011492904890349,0.14260249554367202,0.38585209003215437,0.5058823529411764,0.4,0.0,0.0
0.375,0.42857142857142855,0.7,1.0,0.9458064516129032,0.6964162646450723,0.7700246276533365,0.1443850267379679,0.26366559485530544,0.7058823529411765,0.05555555555555555,0.0,0.0
0.5,0.2857142857142857,0.7,0.5,0.9819354838709676,0.7625775327360442,0.8100152456901607,0.24777183600713013,0.5819935691318329,0.3176470588235294,0.2555555555555556,0.0,0.0
0.625,0.42857142857142855,0.8,0.6666666666666666,0.9238709677419354,0.9955203308063404,0.993784449396036,0.1319073083778966,0.26045016077170424,0.7411764705882353,0.4,0.0,0.01677606248395732
0.625,0.42857142857142855,0.8,0.8333333333333334,0.9354838709677419,0.321157822191592,0.8637269848715843,0.14973262032085563,0.4244372990353698,0.49411764705882355,0.5,0.0,0.03607311796413773
0.875,0.5714285714285714,0.7,0.0,0.9470967741935483,0.7095106822880772,0.7795238653688285,0.1461675579322638,0.6077170418006432,0.4588235294117647,0.20000000000000004,0.0,0.0
0.125,0.0,0.7,0.8333333333333334,0.967741935483871,0.7925568573397657,0.8293655447402369,0.14973262032085563,0.6334405144694534,0.3176470588235294,0.20000000000000004,0.0,0.16008763888379599
0.625,0.42857142857142855,0.2,0.5,0.9316129032258065,0.06133700895933838,0.026621320511316996,0.14260249554367202,0.2090032154340836,0.4235294117647059,0.6,0.0,0.0
0.375,0.42857142857142855,0.0,1.0,0.0,0.0,0.1917438724053008,0.0,0.09646302250803859,1.0,0.05555555555555555,0.0,0.0
0.5,0.2857142857142857,0.6,0.3333333333333333,0.967741935483871,0.3452791178497588,0.5287908994957194,0.21212121212121213,0.54983922829582,0.2823529411764706,0.7555555555555555,0.0,0.0070862821312016435
0.875,0.5714285714285714,0.7,0.5,0.9290322580645162,0.6650585802894555,0.7448106016183886,0.1212121212121212,0.4501607717041801,0.5647058823529412,0.2555555555555556,0.0,0.014970114773935683
0.875,0.5714285714285714,0.7,0.3333333333333333,0.9870967741935484,0.746381805651275,0.7999296352761815,0.32085561497326204,0.8360128617363345,0.16470588235294117,0.15555555555555556,0.0,0.0053720068937699395
1.0,0.5714285714285714,0.7,0.5,0.9406451612903225,0.852170916609235,0.8747507916031428,0.1122994652406417,0.5884244372990355,0.5058823529411764,0.2555555555555556,0.0,0.03929998899930329
0.875,0.2857142857142857,0.7,0.8333333333333334,0.9406451612903225,0.9396967608545831,0.9513310660255658,0.13725490196078433,0.6141479099678457,0.3411764705882353,0.4555555555555555,0.0,0.01116570716145356
0.125,0.2857142857142857,0.7,1.0,0.9406451612903225,0.6209510682288079,0.7096282397091591,0.1354723707664884,0.6012861736334405,0.4117647058823529,0.20000000000000004,0.0,0.014667595614388912
0.25,0.2857142857142857,0.8,1.0,0.9264516129032258,0.32942798070296353,0.8708807317931276,0.20320855614973263,0.5916398713826367,0.47058823529411764,0.5555555555555556,0.0,0.02254226100986396
0.5,0.42857142857142855,0.2,0.5,0.9316129032258065,0.06133700895933838,0.026621320511316996,0.14260249554367202,0.3022508038585209,0.38823529411764707,0.5555555555555556,0.0,0.0
0.625,0.2857142857142857,0.7,0.6666666666666666,0.9819354838709676,0.7784286698828394,0.8195144834056527,0.21390374331550802,0.6784565916398715,0.2235294117647059,0.30000000000000004,0.0,0.02634666862234608
0.75,0.2857142857142857,0.7,0.6666666666666666,0.9819354838709676,0.7784286698828394,0.8195144834056527,0.21390374331550802,0.6784565916398715,0.2235294117647059,0.30000000000000004,0.0,0.0
0.75,0.2857142857142857,0.1,0.0,0.8516129032258064,0.02894555478980014,0.059106368007505565,0.0730837789661319,0.17041800643086819,0.6588235294117647,0.6555555555555554,0.0,0.009130578269957099
0.875,0.5714285714285714,0.8,0.6666666666666666,0.9341935483870967,0.3108201240523777,0.8563386888706462,0.12834224598930483,0.594855305466238,0.36470588235294116,0.2555555555555556,0.0,0.027666752227641086
0.0,0.14285714285714285,0.8,1.0,0.9329032258064516,0.9483115093039283,0.9583675384074117,0.1265597147950089,0.6334405144694534,0.32941176470588235,0.4,0.0,0.06486744160463497
0.125,0.2857142857142857,0.2,0.16666666666666666,0.9638709677419355,0.047898001378359756,0.02075759352644541,0.20320855614973263,0.41800643086816724,0.047058823529411764,0.7999999999999999,0.0,0.0
0.625,0.42857142857142855,0.1,0.0,0.8438709677419354,0.01206064782908339,0.045502521402603496,0.0392156862745098,0.09967845659163986,0.6235294117647059,0.15555555555555556,0.0,0.0
0.375,0.42857142857142855,0.1,1.0,0.8554838709677419,0.027222605099931085,0.05746452445174152,0.062388591800356503,0.2540192926045016,0.5529411764705883,0.15555555555555556,0.0,0.047468006307066116
0.375,0.14285714285714285,0.8,1.0,0.9264516129032258,0.32942798070296353,0.8708807317931276,0.20320855614973263,0.5852090032154341,0.47058823529411764,0.5,0.0,0.0033368780022734776
0.5,0.5714285714285714,0.7,1.0,0.9406451612903225,0.6209510682288079,0.7096282397091591,0.1354723707664884,0.7106109324758844,0.21176470588235294,0.35555555555555557,0.0,0.0033277107550144843
0.0,0.0,0.7,0.8333333333333334,0.967741935483871,0.7925568573397657,0.8293655447402369,0.14973262032085563,0.7620578778135049,0.2,0.30000000000000004,0.0,0.0
1.0,0.42857142857142855,0.5,0.3333333333333333,0.9625806451612903,0.1667815299793246,0.339861616043157,0.24955436720142601,0.8295819935691319,0.2235294117647059,0.4555555555555555,0.0,0.0
1.0,0.42857142857142855,0.5,0.3333333333333333,0.9625806451612903,0.1667815299793246,0.339861616043157,0.24955436720142601,0.8295819935691319,0.2235294117647059,0.4555555555555555,0.0,0.007480473763338345
0.25,0.2857142857142857,0.8,0.5,0.9341935483870967,0.30013783597518956,0.8488331183300106,0.14795008912655971,0.662379421221865,0.36470588235294116,0.4,0.0,0.00453778739320157
1.0,1.0,0.7,0.6666666666666666,0.9819354838709676,0.7784286698828394,0.8195144834056527,0.21390374331550802,0.7331189710610934,0.24705882352941178,0.4,0.0,0.0
0.875,0.5714285714285714,0.7,0.5,0.9290322580645162,0.6650585802894555,0.7448106016183886,0.1212121212121212,0.6141479099678457,0.3058823529411765,0.35555555555555557,0.0,0.0
0.125,0.2857142857142857,0.8,0.3333333333333333,0.8929032258064517,0.28842177808408,0.8410929987099801,0.0659536541889483,0.6302250803858522,0.2235294117647059,0.20000000000000004,0.0,0.005537017344431815
0.125,0.0,0.7,0.16666666666666666,0.9793548387096773,0.7270847691247416,0.7892576521637152,0.16934046345811052,0.8263665594855306,0.1411764705882353,0.20000000000000004,0.0,0.0
0.625,0.42857142857142855,0.8,0.8333333333333334,0.8825806451612902,1.0,1.0,0.07130124777183601,0.47588424437299043,0.611764705882353,0.5,0.0,0.003621062667302263
0.375,0.42857142857142855,0.1,0.8333333333333334,0.8516129032258064,0.02446588559614059,0.05523630819749032,0.0516934046345811,0.38585209003215437,0.36470588235294116,0.4,0.0,0.0
0.375,0.14285714285714285,0.8,0.6666666666666666,0.9238709677419354,0.9955203308063404,0.993784449396036,0.1319073083778966,0.5691318327974276,0.3411764705882353,0.30000000000000004,0.0,0.007150452862014595
0.0,0.2857142857142857,0.6,0.16666666666666666,0.9496774193548386,0.32770503101309445,0.5187052890817403,0.2156862745098039,0.6816720257234727,0.18823529411764706,0.5555555555555556,0.0,0.0
0.625,0.14285714285714285,0.1,0.6666666666666666,0.8438709677419354,0.02136457615437629,0.05265626832414683,0.04812834224598931,0.4019292604501608,0.3176470588235294,0.2555555555555556,0.0,0.0
0.75,0.2857142857142857,0.1,0.6666666666666666,0.8503225806451612,0.007236388697450035,0.04186701067198311,0.0588235294117647,0.19292604501607716,0.4470588235294118,1.0,0.0,0.004235268233654798
1.0,0.2857142857142857,0.6,0.0,0.9496774193548386,0.31357684355616816,0.5092060513662484,0.1746880570409982,0.662379421221865,0.1411764705882353,0.4555555555555555,0.0,0.0014942613032158704
0.75,0.42857142857142855,0.7,0.8333333333333334,0.967741935483871,0.7925568573397657,0.8293655447402369,0.14973262032085563,0.7781350482315113,0.21176470588235294,0.35555555555555557,0.0,0.0
0.5,0.2857142857142857,0.7,1.0,0.9664516129032257,0.8063404548587182,0.8387475079160315,0.1800356506238859,0.7041800643086817,0.4117647058823529,0.4,0.0,0.0
0.875,0.5714285714285714,0.7,0.5,0.9819354838709676,0.7625775327360442,0.8100152456901607,0.24777183600713013,0.8135048231511255,0.1411764705882353,0.5,0.0,0.6841333284441348
0.625,0.14285714285714285,0.6,0.16666666666666666,0.9548387096774194,0.5616815988973122,0.6660021109417145,0.15864527629233513,0.7749196141479101,0.2823529411764706,0.30000000000000004,0.0,0.006435407575813135
0.625,0.42857142857142855,0.2,0.3333333333333333,0.9638709677419355,0.055823569951757405,0.023924006098276062,0.17647058823529413,0.37299035369774924,0.10588235294117647,0.6,0.0,0.0
0.125,0.2857142857142857,0.7,1.0,0.9458064516129032,0.6964162646450723,0.7700246276533365,0.1443850267379679,0.729903536977492,0.3176470588235294,0.5555555555555556,0.0,0.0022368083311943092
0.125,0.42857142857142855,0.7,1.0,0.9406451612903225,0.6209510682288079,0.7096282397091591,0.1354723707664884,0.7266881028938907,0.24705882352941178,0.4,0.0,0.0027960104139928862
0.875,0.8571428571428571,0.7,0.3333333333333333,0.9419354838709677,0.6557546519641627,0.736484109299871,0.13903743315508021,0.7717041800643087,0.24705882352941178,0.4555555555555555,0.0,0.17029078508305526
0.125,0.2857142857142857,0.7,0.3333333333333333,0.9870967741935484,0.746381805651275,0.7999296352761815,0.32085561497326204,0.919614147909968,0.047058823529411764,0.4555555555555555,0.0,0.0
0.875,0.5714285714285714,0.6,1.0,0.9058064516129033,0.9028256374913853,0.9241233728157616,0.09269162210338681,0.8713826366559486,0.1411764705882353,0.35555555555555557,0.0,0.005775365773165634
0.0,0.14285714285714285,0.8,0.8333333333333334,0.9354838709677419,0.321157822191592,0.8637269848715843,0.14973262032085563,0.6463022508038586,0.38823529411764707,0.4,0.0,0.0006600418026475011
0.875,0.5714285714285714,0.7,0.8333333333333334,0.967741935483871,0.7925568573397657,0.8293655447402369,0.14973262032085563,0.7942122186495177,0.18823529411764706,0.35555555555555557,0.0,0.004546954640460563
0.125,0.0,0.7,0.5,0.9406451612903225,0.852170916609235,0.8747507916031428,0.1122994652406417,0.5852090032154341,0.4823529411764706,0.20000000000000004,0.0,0.0
0.875,0.5714285714285714,0.7,0.5,0.9406451612903225,0.852170916609235,0.8747507916031428,0.1122994652406417,0.5852090032154341,0.4823529411764706,0.20000000000000004,0.0,0.0
0.125,0.2857142857142857,0.7,0.0,0.9470967741935483,0.7095106822880772,0.7795238653688285,0.1461675579322638,0.8263665594855306,0.21176470588235294,0.20000000000000004,0.0,0.0021543031058633717
0.0,0.14285714285714285,0.7,0.5,0.9819354838709676,0.7625775327360442,0.8100152456901607,0.24777183600713013,0.7717041800643087,0.2235294117647059,0.6,0.0,0.0
0.25,0.2857142857142857,0.7,1.0,0.9406451612903225,0.6209510682288079,0.7096282397091591,0.1354723707664884,0.7202572347266882,0.3411764705882353,0.4,0.0,0.0029335191228777825
0.75,0.2857142857142857,0.8,0.5,0.9161290322580645,0.9858718125430737,0.9867479770141901,0.1212121212121212,0.5530546623794212,0.35294117647058826,0.35555555555555557,0.0,0.0
0.0,0.14285714285714285,0.7,0.8333333333333334,0.9470967741935483,0.609579600275672,0.7005981001524568,0.1711229946524064,0.6784565916398715,0.29411764705882354,0.4,0.0,0.005830369256719593
0.875,0.5714285714285714,0.7,0.5,0.9819354838709676,0.7625775327360442,0.8100152456901607,0.24777183600713013,0.6977491961414791,0.27058823529411763,0.7,0.0,0.0
0.125,0.2857142857142857,0.7,1.0,0.9664516129032257,0.8063404548587182,0.8387475079160315,0.1800356506238859,0.6012861736334405,0.6,0.5,0.0,0.01406255729529537
0.0,0.2857142857142857,0.7,0.6666666666666666,0.9277419354838708,0.9259131633356306,0.9420663773894687,0.09803921568627451,0.6430868167202572,0.35294117647058826,0.35555555555555557,0.0,0.0
0.125,0.42857142857142855,0.6,0.8333333333333334,0.9303225806451613,0.28807718814610617,0.4323912278644307,0.0998217468805704,0.6945337620578779,0.4235294117647059,0.15555555555555556,0.0,0.0
0.875,0.5714285714285714,0.7,0.0,0.9470967741935483,0.7095106822880772,0.7795238653688285,0.1461675579322638,0.7909967845659165,0.23529411764705882,0.1,0.0,0.0004950313519856258
0.875,0.5714285714285714,0.7,0.8333333333333334,0.9122580645161291,0.8700895933838733,0.8918728743989679,0.1729055258467023,0.38585209003215437,0.6823529411764706,0.2555555555555556,0.0,0.0
0.125,0.42857142857142855,0.7,0.8333333333333334,0.967741935483871,0.7925568573397657,0.8293655447402369,0.14973262032085563,0.6881028938906754,0.4470588235294118,0.4,0.0,0.005894539987532544
0.0,0.14285714285714285,0.8,0.6666666666666666,0.9341935483870967,0.3108201240523777,0.8563386888706462,0.12834224598930483,0.5434083601286175,0.36470588235294116,0.20000000000000004,0.0,0.0003025191595467713
0.5,0.2857142857142857,0.8,0.6666666666666666,0.9238709677419354,0.9955203308063404,0.993784449396036,0.1319073083778966,0.4501607717041801,0.5058823529411764,0.35555555555555557,0.0,0.0
0.875,0.5714285714285714,0.7,0.0,0.9470967741935483,0.7095106822880772,0.7795238653688285,0.1461675579322638,0.7491961414790997,0.16470588235294117,0.15555555555555556,0.0,0.0011275714128561477
0.625,0.42857142857142855,0.3,0.0,0.8929032258064517,0.08201240523776705,0.03952151987803448,0.0659536541889483,0.2797427652733119,0.5764705882352941,0.30000000000000004,0.0,0.0030710278317626787
0.0,0.0,0.6,0.6666666666666666,0.9290322580645162,0.2749827705031014,0.42265744106954384,0.29946524064171126,0.4051446945337621,0.7411764705882353,0.8444444444444444,0.0,0.0
0.125,0.42857142857142855,0.8,0.6666666666666666,0.9238709677419354,0.9955203308063404,0.993784449396036,0.1319073083778966,0.4501607717041801,0.5058823529411764,0.35555555555555557,0.0,0.009130578269957099
0.5,0.42857142857142855,0.7,1.0,0.9716129032258064,0.16126809097174363,0.10883077283921659,0.1907308377896613,0.4855305466237943,0.7647058823529411,0.4555555555555555,0.0,0.0
0.625,0.42857142857142855,0.7,1.0,0.9458064516129032,0.6964162646450723,0.7700246276533365,0.1443850267379679,0.5434083601286175,0.6470588235294118,0.20000000000000004,0.0,0.0
0.25,0.2857142857142857,0.2,0.3333333333333333,0.9638709677419355,0.055823569951757405,0.023924006098276062,0.17647058823529413,0.21543408360128619,0.23529411764705882,0.8444444444444444,0.0,0.0
0.75,0.2857142857142857,0.8,0.3333333333333333,0.9161290322580645,0.977946243969676,0.9805324264102263,0.1800356506238859,0.2668810289389068,0.7294117647058823,0.4,0.0,0.0
0.75,0.2857142857142857,0.7,1.0,0.9406451612903225,0.6209510682288079,0.7096282397091591,0.1354723707664884,0.54983922829582,0.5411764705882353,0.5,0.0,0.0
0.375,0.42857142857142855,0.7,0.3333333333333333,0.9870967741935484,0.746381805651275,0.7999296352761815,0.32085561497326204,0.6816720257234727,0.4,0.5555555555555556,0.0,0.005894539987532544
0.0,0.2857142857142857,0.7,0.6666666666666666,0.9264516129032258,0.6743625086147486,0.7529025448575114,0.29055258467023176,0.30868167202572355,0.8588235294117647,0.5,0.0,0.008901397088482272
0.75,0.2857142857142857,0.7,0.0,0.9393548387096774,0.8170227429359063,0.8475430983933389,0.13368983957219252,0.4983922829581994,0.5882352941176471,0.4,0.0,0.0
0.375,0.42857142857142855,0.7,0.5,0.9122580645161291,0.9135079255685733,0.9328016887533715,0.0998217468805704,0.4887459807073955,0.4588235294117647,0.30000000000000004,0.0,0.0
0.25,0.2857142857142857,0.7,0.5,0.9406451612903225,0.852170916609235,0.8747507916031428,0.1122994652406417,0.46945337620578786,0.4823529411764706,0.30000000000000004,0.0,0.0
0.25,0.2857142857142857,0.6,0.0,0.9793548387096773,0.5475534114403859,0.6559165005277354,0.2976827094474153,0.504823151125402,0.38823529411764707,0.2555555555555556,0.0,0.0
0.125,0.2857142857142857,0.7,0.5,0.9406451612903225,0.852170916609235,0.8747507916031428,0.1122994652406417,0.4630225080385853,0.5176470588235295,0.2555555555555556,0.0,0.0
0.0,0.2857142857142857,0.7,0.3333333333333333,0.9419354838709677,0.6557546519641627,0.736484109299871,0.13903743315508021,0.5691318327974276,0.4117647058823529,0.4,0.0,0.07585897106816766
0.875,0.5714285714285714,0.7,0.8333333333333334,0.967741935483871,0.7925568573397657,0.8293655447402369,0.14973262032085563,0.5369774919614148,0.5764705882352941,0.5,0.0,0.003043526089985699
0.75,0.2857142857142857,0.7,0.8333333333333334,0.9406451612903225,0.9396967608545831,0.9513310660255658,0.13725490196078433,0.4276527331189711,0.6705882352941176,0.8444444444444444,0.0,0.0017784459682446555
0.125,0.42857142857142855,0.7,0.8333333333333334,0.967741935483871,0.7925568573397657,0.8293655447402369,0.14973262032085563,0.5369774919614148,0.5764705882352941,0.5,0.0,0.0
0.875,0.5714285714285714,0.7,0.8333333333333334,0.967741935483871,0.7925568573397657,0.8293655447402369,0.14973262032085563,0.5369774919614148,0.5764705882352941,0.5,0.0,0.0
0.0,0.2857142857142857,0.8,1.0,0.9329032258064516,0.9483115093039283,0.9583675384074117,0.1265597147950089,0.39549839228295824,0.7176470588235294,0.7999999999999999,0.0,0.003401048733086429
0.625,0.42857142857142855,0.1,0.16666666666666666,0.7277419354838709,0.01137146795313577,0.009733786794886828,0.0338680926916221,0.07717041800643086,0.788235294117647,0.6555555555555554,0.0,0.004941146272597265
0.625,0.2857142857142857,0.1,0.16666666666666666,0.7277419354838709,0.01137146795313577,0.009733786794886828,0.0338680926916221,0.09324758842443728,0.7294117647058823,0.5555555555555556,0.0,0.001961790913424517
0.125,0.0,0.1,0.8333333333333334,0.784516129032258,0.00861474844934528,0.008678315937609945,0.03208556149732621,0.07717041800643086,0.5176470588235295,0.05555555555555555,0.0,0.00627039712515126
0.625,0.42857142857142855,0.2,0.0,0.8838709677419355,0.048242591316333565,0.03400961651225519,0.1265597147950089,0.2572347266881029,0.35294117647058826,0.6,0.0,0.0029151846283597964
0.25,0.2857142857142857,0.2,0.3333333333333333,0.9225806451612903,0.05995864920744314,0.038935147179547325,0.13012477718360071,0.28938906752411575,0.3058823529411765,0.5555555555555556,0.0,0.005087822228741154
0.625,0.42857142857142855,0.2,0.5,0.936774193548387,0.06719503790489317,0.04174973613228568,0.15151515151515152,0.35691318327974286,0.1411764705882353,0.35555555555555557,0.0,0.0060595504381944195
0.625,0.14285714285714285,0.3,1.0,0.9329032258064516,0.046519641626464506,0.02075759352644541,0.21925133689839574,0.36977491961414793,0.21176470588235294,1.0,0.0,0.05603938249422464
0.5,0.2857142857142857,0.3,1.0,0.9329032258064516,0.046519641626464506,0.02075759352644541,0.21925133689839574,0.4951768488745982,0.1411764705882353,0.6,0.0,0.0
0.375,0.14285714285714285,0.4,0.6666666666666666,0.9148387096774192,0.0837353549276361,0.07716664712091004,0.10160427807486631,0.5080385852090032,0.29411764705882354,0.4,0.0,0.03527556745260533
0.875,0.14285714285714285,0.5,0.0,0.896774193548387,0.32770503101309445,0.2592940072710214,0.08377896613190731,0.3890675241157557,0.7529411764705882,0.4,0.0,0.0017784459682446555
1.0,0.2857142857142857,0.5,0.8333333333333334,0.9264516129032258,0.2067539627842867,0.28697079863961533,0.16755793226381463,0.7170418006430869,0.4117647058823529,0.30000000000000004,0.0,0.06446408272523926
0.375,0.14285714285714285,0.5,0.5,0.9587096774193548,0.3538938662991041,0.36214377858566904,0.19251336898395724,0.7781350482315113,0.23529411764705882,0.2555555555555556,0.0,0.009240585237065014
0.125,0.42857142857142855,0.5,0.5,0.967741935483871,0.4155754651964163,0.40143074938430867,0.32085561497326204,0.6591639871382637,0.29411764705882354,1.0,0.0,0.0029243518756187892
0.375,0.14285714285714285,0.6,0.5,0.9651612903225806,0.290144727773949,0.45396974316875804,0.17647058823529413,0.8038585209003216,0.15294117647058825,0.1,0.0,0.0016134355175827803
0.375,0.14285714285714285,0.6,1.0,0.967741935483871,0.3452791178497588,0.48727571244282863,0.2620320855614973,0.7684887459807075,0.35294117647058826,0.4,0.0,0.0067470939826189
0.75,0.2857142857142857,0.6,1.0,0.967741935483871,0.3452791178497588,0.48727571244282863,0.2620320855614973,0.5144694533762059,0.788235294117647,0.4555555555555555,0.0,0.0020259616442374687
0.75,0.2857142857142857,0.6,0.0,0.9096774193548387,0.35423845623707795,0.4968922246980181,0.11408199643493762,0.6559485530546625,0.49411764705882355,0.5,0.0,0.25533533790473395
1.0,1.0,0.6,0.5,0.9612903225806452,0.3904203997243281,0.6474727336695203,0.16934046345811052,0.9003215434083602,0.11764705882352941,0.4555555555555555,0.0,0.002520992996223094
0.375,0.14285714285714285,0.6,0.5,0.9612903225806452,0.3904203997243281,0.6474727336695203,0.16934046345811052,0.9003215434083602,0.08235294117647059,0.5,0.0,0.0
0.25,0.2857142857142857,0.7,1.0,0.983225806451613,0.4452101998621641,0.6792541339275243,0.25133689839572193,0.6816720257234727,0.29411764705882354,0.6,0.0,0.0011825748964101061
0.875,0.5714285714285714,0.7,1.0,0.983225806451613,0.4452101998621641,0.6792541339275243,0.25133689839572193,0.9260450160771705,0.1411764705882353,0.5555555555555556,0.0,0.0
0.125,0.42857142857142855,0.7,1.0,0.983225806451613,0.4452101998621641,0.6792541339275243,0.25133689839572193,0.9935691318327976,0.11764705882352941,0.4,0.0,0.024229034505518686
0.125,0.2857142857142857,0.7,0.0,0.984516129032258,0.46312887663680224,0.690043391579688,0.37967914438502676,0.9131832797427654,0.15294117647058825,0.35555555555555557,0.0,0.0018976201826115654
0.5,0.2857142857142857,0.7,0.16666666666666666,0.9858064516129031,0.48311509303928335,0.701184472850944,0.3155080213903743,0.7041800643086817,0.32941176470588235,0.6555555555555554,0.0,0.001833449451798614
0.5,0.2857142857142857,0.7,0.16666666666666666,0.9858064516129031,0.48311509303928335,0.701184472850944,0.3155080213903743,0.7781350482315113,0.2235294117647059,0.35555555555555557,0.0,0.015034285504748633
0.375,0.2857142857142857,0.7,0.16666666666666666,0.9858064516129031,0.48311509303928335,0.701184472850944,0.3155080213903743,0.5530546623794212,0.6588235294117647,0.7999999999999999,0.0,0.04281104469949764
0.375,0.2857142857142857,0.7,0.3333333333333333,0.9858064516129031,0.48311509303928335,0.701184472850944,0.3155080213903743,0.5916398713826367,0.5058823529411764,0.1,0.0,0.0
0.375,0.2857142857142857,0.7,0.3333333333333333,0.9858064516129031,0.48311509303928335,0.701184472850944,0.3155080213903743,0.8520900321543409,0.21176470588235294,0.4,0.0,0.0
0.375,0.2857142857142857,0.7,0.5,0.9948387096774193,0.5199862164024811,0.7226457136155741,0.24598930481283424,0.9710610932475885,0.07058823529411765,0.4555555555555555,0.0,0.0
0.0,0.14285714285714285,0.7,0.6666666666666666,0.9961290322580646,0.5406616126809097,0.7337867948868301,0.20142602495543674,0.9710610932475885,0.1411764705882353,0.20000000000000004,0.0,0.0
0.0,0.14285714285714285,0.7,0.6666666666666666,0.9961290322580646,0.5406616126809097,0.7337867948868301,0.20142602495543674,0.8135048231511255,0.16470588235294117,0.4555555555555555,0.0,0.039712515125957984
0.625,0.5714285714285714,0.7,0.8333333333333334,0.9974193548387097,0.5613370089593385,0.7448106016183886,0.24955436720142601,0.919614147909968,0.17647058823529413,0.5,0.0,0.007874665395475048
0.625,0.5714285714285714,0.7,0.0,1.0,0.6009648518263268,0.7668582150815058,0.29946524064171126,0.6977491961414791,0.3176470588235294,0.20000000000000004,0.0,0.0
0.375,0.42857142857142855,0.7,0.0,1.0,0.6009648518263268,0.7668582150815058,0.29946524064171126,0.9774919614147911,0.12941176470588237,0.30000000000000004,0.0,0.0025393274907410807
0.25,0.2857142857142857,0.7,0.16666666666666666,0.9987096774193547,0.6202618883528601,0.7778820218130644,0.2549019607843137,0.9678456591639871,0.1411764705882353,0.20000000000000004,0.0,0.013457518976201828
0.625,0.42857142857142855,0.7,0.16666666666666666,0.9987096774193547,0.6202618883528601,0.7778820218130644,0.2549019607843137,1.0,0.12941176470588237,0.2555555555555556,0.0,0.03716402038795791
0.75,0.42857142857142855,0.7,0.16666666666666666,0.9987096774193547,0.6202618883528601,0.7778820218130644,0.2549019607843137,0.807073954983923,0.5647058823529412,0.5,1.0,0.009918961534230502
0.875,0.5714285714285714,0.7,0.16666666666666666,0.9987096774193547,0.6202618883528601,0.7778820218130644,0.2549019607843137,0.6237942122186496,0.5882352941176471,0.5,0.125,0.0
0.75,0.42857142857142855,0.7,0.16666666666666666,0.9987096774193547,0.6202618883528601,0.7778820218130644,0.2549019607843137,0.6237942122186496,0.5882352941176471,0.5,0.125,0.0
0.375,0.2857142857142857,0.7,0.16666666666666666,0.9987096774193547,0.6202618883528601,0.7778820218130644,0.2549019607843137,0.594855305466238,0.6352941176470588,0.5,0.0625,0.0
0.125,0.2857142857142857,0.7,0.3333333333333333,0.9780645161290322,0.4765678842177809,0.7988741644189047,0.35650623885918004,0.8681672025723474,0.17647058823529413,0.5,0.0,0.0017876132155036487
0.375,0.14285714285714285,0.7,0.3333333333333333,0.9780645161290322,0.4765678842177809,0.7988741644189047,0.35650623885918004,0.8585209003215435,0.16470588235294117,0.5,0.0,0.04546037915734664
0.0,0.0,0.7,0.5,0.9329032258064516,0.5585802894555479,0.8637269848715843,0.1800356506238859,0.7877813504823151,0.23529411764705882,0.15555555555555556,0.0,0.005317003410215981
0.0,0.0,0.7,0.6666666666666666,0.9329032258064516,0.571330117160579,0.8733434971267738,0.1265597147950089,0.5241157556270097,0.6823529411764706,0.8999999999999999,0.0,0.0
0.125,0.2857142857142857,0.7,0.6666666666666666,0.9329032258064516,0.571330117160579,0.8733434971267738,0.1265597147950089,0.7620578778135049,0.3058823529411765,0.35555555555555557,0.0,0.0
0.0,0.0,0.7,0.6666666666666666,0.9329032258064516,0.571330117160579,0.8733434971267738,0.1265597147950089,0.7620578778135049,0.3058823529411765,0.35555555555555557,0.0,0.0
0.5,0.2857142857142857,0.7,0.6666666666666666,0.9329032258064516,0.571330117160579,0.8733434971267738,0.1265597147950089,0.6077170418006432,0.6588235294117647,0.7999999999999999,0.21874999999999997,0.001989292655201496
0.625,0.42857142857142855,0.7,0.6666666666666666,0.9329032258064516,0.571330117160579,0.8733434971267738,0.1265597147950089,0.5144694533762059,0.5529411764705883,0.5555555555555556,0.0,0.00039419163213670204
0.875,0.5714285714285714,0.7,1.0,0.8116129032258064,0.19159200551343902,0.7713146475900082,0.0338680926916221,0.8231511254019294,0.23529411764705882,0.2555555555555556,0.0,0.0
0.375,0.14285714285714285,0.7,1.0,0.8116129032258064,0.19159200551343902,0.7713146475900082,0.0338680926916221,0.8231511254019294,0.2,0.2555555555555556,0.0,0.005903707234791538
0.125,0.2857142857142857,0.7,1.0,0.8116129032258064,0.19159200551343902,0.7713146475900082,0.0338680926916221,0.6334405144694534,0.6588235294117647,0.6,0.0,0.04976898536907338
0.75,0.2857142857142857,0.7,1.0,0.8116129032258064,0.19159200551343902,0.7713146475900082,0.0338680926916221,0.6109324758842444,0.6470588235294118,0.7,0.0,0.010230647941036267
0.0,0.2857142857142857,0.7,0.8333333333333334,0.9767741935483871,0.4993108201240524,0.7116219068840155,0.20142602495543674,0.7524115755627011,0.3176470588235294,0.4,0.0,0.0
0.625,0.14285714285714285,1.0,0.16666666666666666,0.784516129032258,0.006547208821502412,0.1158672452210625,0.0196078431372549,0.30868167202572355,0.18823529411764706,0.4555555555555555,0.0,0.0
